Entity,Code,Year,Wind energy capacity - GW
Afghanistan,AFG,2012,0.000100000005
Afghanistan,AFG,2013,0.000100000005
Afghanistan,AFG,2014,0.000100000005
Afghanistan,AFG,2015,0.000100000005
Afghanistan,AFG,2016,0.000100000005
Afghanistan,AFG,2017,0.00040000002
Afghanistan,AFG,2018,0.00040000002
Afghanistan,AFG,2019,0.00040000002
Afghanistan,AFG,2020,0.00040000002
Afghanistan,AFG,2021,0.00040000002
Afghanistan,AFG,2022,0.00040000002
Africa,,2000,0.13905
Africa,,2001,0.13905
Africa,,2002,0.14431
Africa,,2003,0.15379001
Africa,,2004,0.23611002
Africa,,2005,0.24018
Africa,,2006,0.32790503
Africa,,2007,0.47010002
Africa,,2008,0.5553
Africa,,2009,0.74240005
Africa,,2010,0.864777
Africa,,2011,0.99498206
Africa,,2012,1.127594
Africa,,2013,1.741834
Africa,,2014,2.399398
Africa,,2015,3.3202682
Africa,,2016,3.8313942
Africa,,2017,4.578263
Africa,,2018,5.471553
Africa,,2019,5.5287533
Africa,,2020,6.5146537
Africa,,2021,7.370154
Africa,,2022,7.6846538
Africa (IRENA),,2000,0.13905
Africa (IRENA),,2001,0.13905
Africa (IRENA),,2002,0.14431
Africa (IRENA),,2003,0.15379
Africa (IRENA),,2004,0.23611002
Africa (IRENA),,2005,0.24018
Africa (IRENA),,2006,0.32790503
Africa (IRENA),,2007,0.47010002
Africa (IRENA),,2008,0.5553
Africa (IRENA),,2009,0.74240005
Africa (IRENA),,2010,0.864777
Africa (IRENA),,2011,0.99498206
Africa (IRENA),,2012,1.127594
Africa (IRENA),,2013,1.741834
Africa (IRENA),,2014,2.399398
Africa (IRENA),,2015,3.3202682
Africa (IRENA),,2016,3.8313942
Africa (IRENA),,2017,4.5782633
Africa (IRENA),,2018,5.4715533
Africa (IRENA),,2019,5.5287533
Africa (IRENA),,2020,6.514653
Africa (IRENA),,2021,7.370153
Africa (IRENA),,2022,7.6846533
Algeria,DZA,2014,0.0102
Algeria,DZA,2015,0.0102
Algeria,DZA,2016,0.0102
Algeria,DZA,2017,0.0102
Algeria,DZA,2018,0.010000001
Algeria,DZA,2019,0.010000001
Algeria,DZA,2020,0.010000001
Algeria,DZA,2021,0.010000001
Algeria,DZA,2022,0.010000001
Antigua and Barbuda,ATG,2020,0.004
Antigua and Barbuda,ATG,2021,0.004
Antigua and Barbuda,ATG,2022,0.004
Argentina,ARG,2000,0.014112001
Argentina,ARG,2001,0.024829002
Argentina,ARG,2002,0.025798002
Argentina,ARG,2003,0.025729
Argentina,ARG,2004,0.027829003
Argentina,ARG,2005,0.027829003
Argentina,ARG,2006,0.027829003
Argentina,ARG,2007,0.027829003
Argentina,ARG,2008,0.027829003
Argentina,ARG,2009,0.027829003
Argentina,ARG,2010,0.027829003
Argentina,ARG,2011,0.059579
Argentina,ARG,2012,0.13697901
Argentina,ARG,2013,0.18997902
Argentina,ARG,2014,0.21518701
Argentina,ARG,2015,0.18710402
Argentina,ARG,2016,0.187442
Argentina,ARG,2017,0.22674201
Argentina,ARG,2018,0.750342
Argentina,ARG,2019,1.609359
Argentina,ARG,2020,2.6239042
Argentina,ARG,2021,3.2921243
Argentina,ARG,2022,3.3093152
Armenia,ARM,2005,0.0026400003
Armenia,ARM,2006,0.0026400003
Armenia,ARM,2007,0.0026400003
Armenia,ARM,2008,0.0026400003
Armenia,ARM,2009,0.0026400003
Armenia,ARM,2010,0.0026400003
Armenia,ARM,2011,0.0026400003
Armenia,ARM,2012,0.0026400003
Armenia,ARM,2013,0.0026400003
Armenia,ARM,2014,0.0026400003
Armenia,ARM,2015,0.0026
Armenia,ARM,2016,0.0029250002
Armenia,ARM,2017,0.0029250002
Armenia,ARM,2018,0.0029250002
Armenia,ARM,2019,0.0029250002
Armenia,ARM,2020,0.0029250002
Armenia,ARM,2021,0.0029250002
Armenia,ARM,2022,0.0029250002
Aruba,ABW,2009,0.030000001
Aruba,ABW,2010,0.030000001
Aruba,ABW,2011,0.030000001
Aruba,ABW,2012,0.030000001
Aruba,ABW,2013,0.030000001
Aruba,ABW,2014,0.030000001
Aruba,ABW,2015,0.030000001
Aruba,ABW,2016,0.030000001
Aruba,ABW,2017,0.030000001
Aruba,ABW,2018,0.030000001
Aruba,ABW,2019,0.030000001
Aruba,ABW,2020,0.030000001
Aruba,ABW,2021,0.030000001
Aruba,ABW,2022,0.030000001
Asia,,2000,1.4100051
Asia,,2001,2.1714122
Asia,,2002,2.394952
Asia,,2003,3.5889602
Asia,,2004,5.4374604
Asia,,2005,6.9485
Asia,,2006,10.623893
Asia,,2007,14.211564
Asia,,2008,21.427553
Asia,,2009,32.205204
Asia,,2010,47.511913
Asia,,2011,67.86733
Asia,,2012,85.190315
Asia,,2013,102.4294
Asia,,2014,128.1364
Asia,,2015,166.6034
Asia,,2016,190.39832
Asia,,2017,212.07498
Asia,,2018,236.7972
Asia,,2019,266.12714
Asia,,2020,342.14398
Asia,,2021,396.67056
Asia,,2022,438.21808
Asia (IRENA),,2000,1.378605
Asia (IRENA),,2001,2.140012
Asia (IRENA),,2002,2.3565521
Asia (IRENA),,2003,3.5465603
Asia (IRENA),,2004,5.3855605
Asia (IRENA),,2005,6.8798604
Asia (IRENA),,2006,10.507254
Asia (IRENA),,2007,13.991923
Asia (IRENA),,2008,20.989239
Asia (IRENA),,2009,31.30789
Asia (IRENA),,2010,46.08359
Asia (IRENA),,2011,66.0268
Asia (IRENA),,2012,82.809364
Asia (IRENA),,2013,99.54249
Asia (IRENA),,2014,124.33649
Asia (IRENA),,2015,161.80357
Asia (IRENA),,2016,184.18542
Asia (IRENA),,2017,205.01611
Asia (IRENA),,2018,229.09381
Asia (IRENA),,2019,257.67096
Asia (IRENA),,2020,332.2984
Asia (IRENA),,2021,384.94473
Asia (IRENA),,2022,425.67395
Australia,AUS,2000,0.033
Australia,AUS,2001,0.076000005
Australia,AUS,2002,0.106000006
Australia,AUS,2003,0.19000001
Australia,AUS,2004,0.379
Australia,AUS,2005,0.74
Australia,AUS,2006,0.81900007
Australia,AUS,2007,1.2490001
Australia,AUS,2008,1.4410001
Australia,AUS,2009,1.7030001
Australia,AUS,2010,1.8640001
Australia,AUS,2011,2.127
Australia,AUS,2012,2.561
Australia,AUS,2013,3.2210002
Australia,AUS,2014,3.7970002
Australia,AUS,2015,4.181
Australia,AUS,2016,4.3240004
Australia,AUS,2017,4.8120003
Australia,AUS,2018,5.4420004
Australia,AUS,2019,6.2790003
Australia,AUS,2020,8.603001
Australia,AUS,2021,8.9506
Australia,AUS,2022,10.134001
Austria,AUT,2000,0.05
Austria,AUT,2001,0.067
Austria,AUT,2002,0.109000005
Austria,AUT,2003,0.32200003
Austria,AUT,2004,0.58100003
Austria,AUT,2005,0.82521904
Austria,AUT,2006,0.96826905
Austria,AUT,2007,0.991159
Austria,AUT,2008,0.99197406
Austria,AUT,2009,1.000985
Austria,AUT,2010,1.015828
Austria,AUT,2011,1.105966
Austria,AUT,2012,1.3371501
Austria,AUT,2013,1.674538
Austria,AUT,2014,2.110275
Austria,AUT,2015,2.4887261
Austria,AUT,2016,2.7299962
Austria,AUT,2017,2.8866982
Austria,AUT,2018,3.132713
Austria,AUT,2019,3.224117
Austria,AUT,2020,3.225979
Austria,AUT,2021,3.4078112
Austria,AUT,2022,3.7358112
Azerbaijan,AZE,2009,0.002
Azerbaijan,AZE,2010,0.002
Azerbaijan,AZE,2011,0.002
Azerbaijan,AZE,2012,0.002
Azerbaijan,AZE,2013,0.0027
Azerbaijan,AZE,2014,0.0027
Azerbaijan,AZE,2015,0.008
Azerbaijan,AZE,2016,0.015700001
Azerbaijan,AZE,2017,0.015700001
Azerbaijan,AZE,2018,0.066
Azerbaijan,AZE,2019,0.066
Azerbaijan,AZE,2020,0.066
Azerbaijan,AZE,2021,0.066
Azerbaijan,AZE,2022,0.066
Bahrain,BHR,2008,0.000675
Bahrain,BHR,2009,0.000675
Bahrain,BHR,2010,0.00068000006
Bahrain,BHR,2011,0.00068000006
Bahrain,BHR,2012,0.00068000006
Bahrain,BHR,2013,0.00068000006
Bahrain,BHR,2014,0.00068000006
Bahrain,BHR,2015,0.00068000006
Bahrain,BHR,2016,0.00068000006
Bahrain,BHR,2017,0.00068000006
Bahrain,BHR,2018,0.00068000006
Bahrain,BHR,2019,0.00068000006
Bahrain,BHR,2020,0.00068000006
Bahrain,BHR,2021,0.00068000006
Bahrain,BHR,2022,0.00074000005
Bangladesh,BGD,2006,0.00090000004
Bangladesh,BGD,2007,0.00090000004
Bangladesh,BGD,2008,0.0019
Bangladesh,BGD,2009,0.0019
Bangladesh,BGD,2010,0.0019
Bangladesh,BGD,2011,0.0019
Bangladesh,BGD,2012,0.0019
Bangladesh,BGD,2013,0.0019
Bangladesh,BGD,2014,0.0019
Bangladesh,BGD,2015,0.0029000002
Bangladesh,BGD,2016,0.0029000002
Bangladesh,BGD,2017,0.0029000002
Bangladesh,BGD,2018,0.0029000002
Bangladesh,BGD,2019,0.0029000002
Bangladesh,BGD,2020,0.0029000002
Bangladesh,BGD,2021,0.0029000002
Bangladesh,BGD,2022,0.0029000002
Barbados,BRB,2000,0.000040000003
Barbados,BRB,2001,0.000040000003
Barbados,BRB,2002,0.000040000003
Barbados,BRB,2003,0.000040000003
Barbados,BRB,2004,0.000040000003
Barbados,BRB,2005,0.000040000003
Barbados,BRB,2006,0.000040000003
Barbados,BRB,2007,0.000040000003
Barbados,BRB,2008,0.000040000003
Barbados,BRB,2009,0.000040000003
Barbados,BRB,2010,0.000040000003
Barbados,BRB,2011,0.000040000003
Barbados,BRB,2012,0.000040000003
Barbados,BRB,2013,0.000040000003
Barbados,BRB,2014,0.000040000003
Barbados,BRB,2015,0.000040000003
Barbados,BRB,2016,0.000060000002
Barbados,BRB,2017,0.000060000002
Barbados,BRB,2018,0.000060000002
Barbados,BRB,2019,0.000060000002
Barbados,BRB,2020,0.000060000002
Barbados,BRB,2021,0.000060000002
Barbados,BRB,2022,0.00116
Belarus,BLR,2000,0.00025
Belarus,BLR,2001,0.0006
Belarus,BLR,2002,0.0011000001
Belarus,BLR,2003,0.0011000001
Belarus,BLR,2004,0.0011000001
Belarus,BLR,2005,0.0011000001
Belarus,BLR,2006,0.0011000001
Belarus,BLR,2007,0.0019
Belarus,BLR,2008,0.0019
Belarus,BLR,2009,0.0019
Belarus,BLR,2010,0.0019
Belarus,BLR,2011,0.002
Belarus,BLR,2012,0.0050000004
Belarus,BLR,2013,0.007
Belarus,BLR,2014,0.009000001
Belarus,BLR,2015,0.022000002
Belarus,BLR,2016,0.062000003
Belarus,BLR,2017,0.08400001
Belarus,BLR,2018,0.09200001
Belarus,BLR,2019,0.112
Belarus,BLR,2020,0.112
Belarus,BLR,2021,0.111700006
Belarus,BLR,2022,0.111700006
Belgium,BEL,2000,0.014
Belgium,BEL,2001,0.026
Belgium,BEL,2002,0.031000001
Belgium,BEL,2003,0.067
Belgium,BEL,2004,0.096
Belgium,BEL,2005,0.16700001
Belgium,BEL,2006,0.21200001
Belgium,BEL,2007,0.27600002
Belgium,BEL,2008,0.324
Belgium,BEL,2009,0.60800004
Belgium,BEL,2010,0.91200006
Belgium,BEL,2011,1.069
Belgium,BEL,2012,1.3669001
Belgium,BEL,2013,1.769
Belgium,BEL,2014,1.9327
Belgium,BEL,2015,2.1813002
Belgium,BEL,2016,2.3338
Belgium,BEL,2017,2.7794
Belgium,BEL,2018,3.3049002
Belgium,BEL,2019,3.8635
Belgium,BEL,2020,4.6727004
Belgium,BEL,2021,4.9484
Belgium,BEL,2022,5.2514
Belize,BLZ,2000,0.000020000001
Belize,BLZ,2001,0.000020000001
Belize,BLZ,2002,0.000020000001
Belize,BLZ,2003,0.000020000001
Belize,BLZ,2004,0.000020000001
Belize,BLZ,2005,0.000020000001
Belize,BLZ,2006,0.000020000001
Belize,BLZ,2007,0.000020000001
Belize,BLZ,2008,0.000020000001
Belize,BLZ,2009,0.000020000001
Belize,BLZ,2010,0.000020000001
Belize,BLZ,2011,0.000020000001
Belize,BLZ,2012,0.000020000001
Belize,BLZ,2013,0.000020000001
Belize,BLZ,2014,0.000020000001
Belize,BLZ,2015,0.000020000001
Belize,BLZ,2016,0.000020000001
Belize,BLZ,2017,0.000020000001
Belize,BLZ,2018,0.000020000001
Belize,BLZ,2019,0.000020000001
Belize,BLZ,2020,0.000020000001
Belize,BLZ,2021,0.000020000001
Belize,BLZ,2022,0.000020000001
Bhutan,BTN,2015,0.0006
Bhutan,BTN,2016,0.0006
Bhutan,BTN,2017,0.0006
Bhutan,BTN,2018,0.0006
Bhutan,BTN,2019,0.0006
Bhutan,BTN,2020,0.0006
Bhutan,BTN,2021,0.0006
Bhutan,BTN,2022,0.0006
Bolivia,BOL,2010,0.000100000005
Bolivia,BOL,2011,0.000100000005
Bolivia,BOL,2012,0.000100000005
Bolivia,BOL,2013,0.000100000005
Bolivia,BOL,2014,0.0031600003
Bolivia,BOL,2015,0.0031600003
Bolivia,BOL,2016,0.027
Bolivia,BOL,2017,0.027
Bolivia,BOL,2018,0.027
Bolivia,BOL,2019,0.027
Bolivia,BOL,2020,0.027
Bolivia,BOL,2021,0.1278
Bolivia,BOL,2022,0.1314
Bonaire Sint Eustatius and Saba,BES,2007,0.00033000004
Bonaire Sint Eustatius and Saba,BES,2008,0.00033000004
Bonaire Sint Eustatius and Saba,BES,2009,0.01023
Bonaire Sint Eustatius and Saba,BES,2010,0.01023
Bonaire Sint Eustatius and Saba,BES,2011,0.01023
Bonaire Sint Eustatius and Saba,BES,2012,0.01023
Bonaire Sint Eustatius and Saba,BES,2013,0.01113
Bonaire Sint Eustatius and Saba,BES,2014,0.01113
Bonaire Sint Eustatius and Saba,BES,2015,0.01113
Bonaire Sint Eustatius and Saba,BES,2016,0.01113
Bonaire Sint Eustatius and Saba,BES,2017,0.01113
Bonaire Sint Eustatius and Saba,BES,2018,0.01113
Bonaire Sint Eustatius and Saba,BES,2019,0.01113
Bonaire Sint Eustatius and Saba,BES,2020,0.01113
Bonaire Sint Eustatius and Saba,BES,2021,0.01113
Bonaire Sint Eustatius and Saba,BES,2022,0.01113
Bosnia and Herzegovina,BIH,2011,0.0003
Bosnia and Herzegovina,BIH,2012,0.0003
Bosnia and Herzegovina,BIH,2013,0.0003
Bosnia and Herzegovina,BIH,2014,0.0003
Bosnia and Herzegovina,BIH,2015,0.0003
Bosnia and Herzegovina,BIH,2016,0.0003
Bosnia and Herzegovina,BIH,2017,0.0003
Bosnia and Herzegovina,BIH,2018,0.051000003
Bosnia and Herzegovina,BIH,2019,0.087000005
Bosnia and Herzegovina,BIH,2020,0.087000005
Bosnia and Herzegovina,BIH,2021,0.135
Bosnia and Herzegovina,BIH,2022,0.135
Brazil,BRA,2000,0.022000002
Brazil,BRA,2001,0.024
Brazil,BRA,2002,0.022000002
Brazil,BRA,2003,0.024
Brazil,BRA,2004,0.024
Brazil,BRA,2005,0.029000001
Brazil,BRA,2006,0.23700002
Brazil,BRA,2007,0.24700001
Brazil,BRA,2008,0.39800003
Brazil,BRA,2009,0.60200006
Brazil,BRA,2010,0.92700005
Brazil,BRA,2011,1.4260001
Brazil,BRA,2012,1.894
Brazil,BRA,2013,2.2020202
Brazil,BRA,2014,4.8880534
Brazil,BRA,2015,7.633116
Brazil,BRA,2016,10.129156
Brazil,BRA,2017,12.304273
Brazil,BRA,2018,14.843095
Brazil,BRA,2019,15.438379
Brazil,BRA,2020,17.198324
Brazil,BRA,2021,21.16127
Brazil,BRA,2022,24.16313
British Virgin Islands,VGB,2010,0.0005
British Virgin Islands,VGB,2011,0.0005
British Virgin Islands,VGB,2012,0.0005
British Virgin Islands,VGB,2013,0.0005
British Virgin Islands,VGB,2014,0.0005
British Virgin Islands,VGB,2015,0.0005
British Virgin Islands,VGB,2016,0.0005
British Virgin Islands,VGB,2017,0.0005
British Virgin Islands,VGB,2018,0.0005
British Virgin Islands,VGB,2019,0.00080100005
British Virgin Islands,VGB,2020,0.00080100005
British Virgin Islands,VGB,2021,0.00080100005
British Virgin Islands,VGB,2022,0.00080100005
Bulgaria,BGR,2004,0.001
Bulgaria,BGR,2005,0.008
Bulgaria,BGR,2006,0.027
Bulgaria,BGR,2007,0.030000001
Bulgaria,BGR,2008,0.11400001
Bulgaria,BGR,2009,0.333
Bulgaria,BGR,2010,0.48800004
Bulgaria,BGR,2011,0.541
Bulgaria,BGR,2012,0.67700005
Bulgaria,BGR,2013,0.683
Bulgaria,BGR,2014,0.69900006
Bulgaria,BGR,2015,0.69900006
Bulgaria,BGR,2016,0.69900006
Bulgaria,BGR,2017,0.69839007
Bulgaria,BGR,2018,0.69892
Bulgaria,BGR,2019,0.70312005
Bulgaria,BGR,2020,0.70280004
Bulgaria,BGR,2021,0.704375
Bulgaria,BGR,2022,0.704375
Cambodia,KHM,2009,0.00025
Cambodia,KHM,2010,0.00025
Cambodia,KHM,2011,0.00025
Cambodia,KHM,2012,0.00025
Cambodia,KHM,2013,0.00025
Cambodia,KHM,2014,0.00025
Cambodia,KHM,2015,0.00025
Cambodia,KHM,2016,0.00025
Cambodia,KHM,2017,0.00025
Cambodia,KHM,2018,0.00025
Cambodia,KHM,2019,0.00025
Cambodia,KHM,2020,0.00025
Cambodia,KHM,2021,0.00025
Cambodia,KHM,2022,0.00025
Canada,CAN,2000,0.09200001
Canada,CAN,2001,0.13100001
Canada,CAN,2002,0.16100001
Canada,CAN,2003,0.32700002
Canada,CAN,2004,0.44400004
Canada,CAN,2005,0.67700005
Canada,CAN,2006,1.4230001
Canada,CAN,2007,1.84
Canada,CAN,2008,2.3360002
Canada,CAN,2009,3.282
Canada,CAN,2010,3.9670002
Canada,CAN,2011,5.2650003
Canada,CAN,2012,6.201
Canada,CAN,2013,7.8010006
Canada,CAN,2014,9.694
Canada,CAN,2015,11.214001
Canada,CAN,2016,11.973001
Canada,CAN,2017,12.250001
Canada,CAN,2018,12.816001
Canada,CAN,2019,13.413001
Canada,CAN,2020,13.626961
Canada,CAN,2021,14.30356
Canada,CAN,2022,15.295461
Cape Verde,CPV,2002,0.0021
Cape Verde,CPV,2003,0.0026800002
Cape Verde,CPV,2004,0.0024
Cape Verde,CPV,2005,0.0024
Cape Verde,CPV,2006,0.0021
Cape Verde,CPV,2007,0.0021
Cape Verde,CPV,2008,0.0021
Cape Verde,CPV,2009,0.0021
Cape Verde,CPV,2010,0.0018000001
Cape Verde,CPV,2011,0.017
Cape Verde,CPV,2012,0.027200002
Cape Verde,CPV,2013,0.027200002
Cape Verde,CPV,2014,0.027200002
Cape Verde,CPV,2015,0.027200002
Cape Verde,CPV,2016,0.027200002
Cape Verde,CPV,2017,0.027200002
Cape Verde,CPV,2018,0.027800001
Cape Verde,CPV,2019,0.027800001
Cape Verde,CPV,2020,0.027800001
Cape Verde,CPV,2021,0.027800001
Cape Verde,CPV,2022,0.027800001
Central America and the Caribbean (IRENA),,2000,0.062310003
Central America and the Caribbean (IRENA),,2001,0.08211
Central America and the Caribbean (IRENA),,2002,0.08541001
Central America and the Caribbean (IRENA),,2003,0.099810004
Central America and the Caribbean (IRENA),,2004,0.12161001
Central America and the Caribbean (IRENA),,2005,0.12331
Central America and the Caribbean (IRENA),,2006,0.12521
Central America and the Caribbean (IRENA),,2007,0.124340005
Central America and the Caribbean (IRENA),,2008,0.12953
Central America and the Caribbean (IRENA),,2009,0.25883
Central America and the Caribbean (IRENA),,2010,0.30446002
Central America and the Caribbean (IRENA),,2011,0.457215
Central America and the Caribbean (IRENA),,2012,0.725915
Central America and the Caribbean (IRENA),,2013,0.796912
Central America and the Caribbean (IRENA),,2014,0.92023206
Central America and the Caribbean (IRENA),,2015,1.2815421
Central America and the Caribbean (IRENA),,2016,1.522662
Central America and the Caribbean (IRENA),,2017,1.602632
Central America and the Caribbean (IRENA),,2018,1.712126
Central America and the Caribbean (IRENA),,2019,1.9404771
Central America and the Caribbean (IRENA),,2020,1.964804
Central America and the Caribbean (IRENA),,2021,1.9916041
Central America and the Caribbean (IRENA),,2022,2.036154
Chad,TCD,2016,0.0011000001
Chad,TCD,2017,0.0011000001
Chad,TCD,2018,0.0011000001
Chad,TCD,2019,0.0011000001
Chad,TCD,2020,0.0011000001
Chad,TCD,2021,0.0011000001
Chad,TCD,2022,0.0011000001
Chile,CHL,2001,0.002
Chile,CHL,2002,0.002
Chile,CHL,2003,0.002
Chile,CHL,2004,0.002
Chile,CHL,2005,0.002
Chile,CHL,2006,0.002
Chile,CHL,2007,0.020000001
Chile,CHL,2008,0.020000001
Chile,CHL,2009,0.163
Chile,CHL,2010,0.163
Chile,CHL,2011,0.18400002
Chile,CHL,2012,0.202
Chile,CHL,2013,0.30100003
Chile,CHL,2014,0.73600006
Chile,CHL,2015,0.91
Chile,CHL,2016,1.039
Chile,CHL,2017,1.3050001
Chile,CHL,2018,1.524
Chile,CHL,2019,1.620074
Chile,CHL,2020,2.148996
Chile,CHL,2021,3.1370063
Chile,CHL,2022,3.8296793
China,CHN,2000,0.34100002
China,CHN,2001,0.38300002
China,CHN,2002,0.44900003
China,CHN,2003,0.54700005
China,CHN,2004,0.763
China,CHN,2005,1.0600001
China,CHN,2006,2.0700002
China,CHN,2007,4.2000003
China,CHN,2008,8.387728
China,CHN,2009,17.59941
China,CHN,2010,29.63348
China,CHN,2011,46.354603
China,CHN,2012,61.596874
China,CHN,2013,76.73054
China,CHN,2014,96.81914
China,CHN,2015,131.04773
China,CHN,2016,148.51689
China,CHN,2017,164.3745
China,CHN,2018,184.66489
China,CHN,2019,209.58191
China,CHN,2020,282.11267
China,CHN,2021,328.97345
China,CHN,2022,365.9642
Colombia,COL,2004,0.020000001
Colombia,COL,2005,0.010000001
Colombia,COL,2006,0.018420001
Colombia,COL,2007,0.018420001
Colombia,COL,2008,0.018420001
Colombia,COL,2009,0.018420001
Colombia,COL,2010,0.018420001
Colombia,COL,2011,0.018420001
Colombia,COL,2012,0.018420001
Colombia,COL,2013,0.018420001
Colombia,COL,2014,0.018420001
Colombia,COL,2015,0.018420001
Colombia,COL,2016,0.018420001
Colombia,COL,2017,0.018420001
Colombia,COL,2018,0.018420001
Colombia,COL,2019,0.018420001
Colombia,COL,2020,0.018420001
Colombia,COL,2021,0.018420001
Colombia,COL,2022,0.018420001
Cook Islands,COK,2003,0.000040000003
Cook Islands,COK,2004,0.000040000003
Cook Islands,COK,2005,0.000040000003
Cook Islands,COK,2006,0.000040000003
Cook Islands,COK,2007,0.000040000003
Cook Islands,COK,2008,0.000040000003
Cook Islands,COK,2009,0.000040000003
Cook Islands,COK,2010,0.000040000003
Cook Islands,COK,2011,0.000040000003
Cook Islands,COK,2012,0.000040000003
Cook Islands,COK,2013,0.000040000003
Cook Islands,COK,2014,0.000040000003
Cook Islands,COK,2015,0.000040000003
Cook Islands,COK,2016,0.000040000003
Cook Islands,COK,2017,0.000040000003
Cook Islands,COK,2018,0.000040000003
Cook Islands,COK,2019,0.000040000003
Cook Islands,COK,2020,0.000040000003
Cook Islands,COK,2021,0.000040000003
Cook Islands,COK,2022,0.000040000003
Costa Rica,CRI,2000,0.0425
Costa Rica,CRI,2001,0.0623
Costa Rica,CRI,2002,0.0623
Costa Rica,CRI,2003,0.0686
Costa Rica,CRI,2004,0.0686
Costa Rica,CRI,2005,0.0686
Costa Rica,CRI,2006,0.0686
Costa Rica,CRI,2007,0.066
Costa Rica,CRI,2008,0.066
Costa Rica,CRI,2009,0.1155
Costa Rica,CRI,2010,0.1155
Costa Rica,CRI,2011,0.12830001
Costa Rica,CRI,2012,0.14360002
Costa Rica,CRI,2013,0.14360002
Costa Rica,CRI,2014,0.19310002
Costa Rica,CRI,2015,0.27210003
Costa Rica,CRI,2016,0.36510003
Costa Rica,CRI,2017,0.37782001
Costa Rica,CRI,2018,0.40777
Costa Rica,CRI,2019,0.41092002
Costa Rica,CRI,2020,0.39352
Costa Rica,CRI,2021,0.39352
Costa Rica,CRI,2022,0.39022002
Croatia,HRV,2004,0.006
Croatia,HRV,2005,0.006
Croatia,HRV,2006,0.017
Croatia,HRV,2007,0.017
Croatia,HRV,2008,0.017
Croatia,HRV,2009,0.07
Croatia,HRV,2010,0.079
Croatia,HRV,2011,0.13000001
Croatia,HRV,2012,0.18
Croatia,HRV,2013,0.254
Croatia,HRV,2014,0.33900002
Croatia,HRV,2015,0.418
Croatia,HRV,2016,0.483
Croatia,HRV,2017,0.5761
Croatia,HRV,2018,0.5863
Croatia,HRV,2019,0.6463
Croatia,HRV,2020,0.80130005
Croatia,HRV,2021,0.9869001
Croatia,HRV,2022,1.0429001
Cuba,CUB,2000,0.00045000002
Cuba,CUB,2001,0.00045000002
Cuba,CUB,2002,0.00045000002
Cuba,CUB,2003,0.00045000002
Cuba,CUB,2004,0.00045000002
Cuba,CUB,2005,0.0021500003
Cuba,CUB,2006,0.0021500003
Cuba,CUB,2007,0.0021500003
Cuba,CUB,2008,0.0072500003
Cuba,CUB,2009,0.0072500003
Cuba,CUB,2010,0.0072500003
Cuba,CUB,2011,0.0117500005
Cuba,CUB,2012,0.0117500005
Cuba,CUB,2013,0.0117500005
Cuba,CUB,2014,0.0117500005
Cuba,CUB,2015,0.0117500005
Cuba,CUB,2016,0.0117500005
Cuba,CUB,2017,0.0117500005
Cuba,CUB,2018,0.0117500005
Cuba,CUB,2019,0.0117500005
Cuba,CUB,2020,0.0117500005
Cuba,CUB,2021,0.0117500005
Cuba,CUB,2022,0.0117500005
Curacao,CUW,2000,0.012
Curacao,CUW,2001,0.012
Curacao,CUW,2002,0.012
Curacao,CUW,2003,0.012
Curacao,CUW,2004,0.012
Curacao,CUW,2005,0.012
Curacao,CUW,2006,0.012
Curacao,CUW,2007,0.012
Curacao,CUW,2008,0.012
Curacao,CUW,2009,0.012
Curacao,CUW,2010,0.012
Curacao,CUW,2011,0.012
Curacao,CUW,2012,0.030000001
Curacao,CUW,2013,0.030000001
Curacao,CUW,2014,0.030000001
Curacao,CUW,2015,0.030000001
Curacao,CUW,2016,0.030000001
Curacao,CUW,2017,0.047250003
Curacao,CUW,2018,0.047250003
Curacao,CUW,2019,0.047250003
Curacao,CUW,2020,0.047250003
Curacao,CUW,2021,0.047250003
Curacao,CUW,2022,0.047250003
Cyprus,CYP,2004,0.00022500001
Cyprus,CYP,2005,0.00022500001
Cyprus,CYP,2006,0.00022500001
Cyprus,CYP,2007,0.00022500001
Cyprus,CYP,2008,0.00022500001
Cyprus,CYP,2009,0.00022500001
Cyprus,CYP,2010,0.082225
Cyprus,CYP,2011,0.13422501
Cyprus,CYP,2012,0.147225
Cyprus,CYP,2013,0.147225
Cyprus,CYP,2014,0.147225
Cyprus,CYP,2015,0.157725
Cyprus,CYP,2016,0.157725
Cyprus,CYP,2017,0.157725
Cyprus,CYP,2018,0.157725
Cyprus,CYP,2019,0.157725
Cyprus,CYP,2020,0.157725
Cyprus,CYP,2021,0.15750001
Cyprus,CYP,2022,0.15750001
Czechia,CZE,2000,0.002
Czechia,CZE,2001,0
Czechia,CZE,2002,0.0064000003
Czechia,CZE,2003,0.010600001
Czechia,CZE,2004,0.0165
Czechia,CZE,2005,0.022000002
Czechia,CZE,2006,0.043500002
Czechia,CZE,2007,0.11380001
Czechia,CZE,2008,0.15
Czechia,CZE,2009,0.193
Czechia,CZE,2010,0.21300001
Czechia,CZE,2011,0.21300001
Czechia,CZE,2012,0.25800002
Czechia,CZE,2013,0.26200002
Czechia,CZE,2014,0.27800003
Czechia,CZE,2015,0.28100002
Czechia,CZE,2016,0.282
Czechia,CZE,2017,0.308205
Czechia,CZE,2018,0.31620002
Czechia,CZE,2019,0.33941403
Czechia,CZE,2020,0.339424
Czechia,CZE,2021,0.33941403
Czechia,CZE,2022,0.33941403
Denmark,DNK,2000,2.3900151
Denmark,DNK,2001,2.4971533
Denmark,DNK,2002,2.8945312
Denmark,DNK,2003,3.1199162
Denmark,DNK,2004,3.123712
Denmark,DNK,2005,3.127836
Denmark,DNK,2006,3.1356962
Denmark,DNK,2007,3.1242142
Denmark,DNK,2008,3.1628702
Denmark,DNK,2009,3.4820871
Denmark,DNK,2010,3.8018293
Denmark,DNK,2011,3.951981
Denmark,DNK,2012,4.161941
Denmark,DNK,2013,4.818923
Denmark,DNK,2014,4.886403
Denmark,DNK,2015,5.0769663
Denmark,DNK,2016,5.2451425
Denmark,DNK,2017,5.4889493
Denmark,DNK,2018,6.1226606
Denmark,DNK,2019,6.1105433
Denmark,DNK,2020,6.2670336
Denmark,DNK,2021,7.02084
Denmark,DNK,2022,7.08784
Djibouti,DJI,2021,0.020000001
Djibouti,DJI,2022,0.020000001
Dominica,DMA,2008,0.000010000001
Dominica,DMA,2009,0.000010000001
Dominica,DMA,2010,0.00024000001
Dominica,DMA,2011,0.00024000001
Dominica,DMA,2012,0.00024000001
Dominica,DMA,2013,0.00024000001
Dominica,DMA,2014,0.00024000001
Dominica,DMA,2015,0.00024000001
Dominica,DMA,2016,0.00024000001
Dominica,DMA,2017,0.00024000001
Dominica,DMA,2018,0.00024000001
Dominica,DMA,2019,0.00024000001
Dominica,DMA,2020,0.00024000001
Dominica,DMA,2021,0.00024000001
Dominica,DMA,2022,0.00024000001
Dominican Republic,DOM,2008,0
Dominican Republic,DOM,2009,0
Dominican Republic,DOM,2010,0
Dominican Republic,DOM,2011,0.033450004
Dominican Republic,DOM,2012,0.08545
Dominican Republic,DOM,2013,0.08545
Dominican Republic,DOM,2014,0.08545
Dominican Republic,DOM,2015,0.08545
Dominican Republic,DOM,2016,0.13495
Dominican Republic,DOM,2017,0.13495
Dominican Republic,DOM,2018,0.18295
Dominican Republic,DOM,2019,0.36995003
Dominican Republic,DOM,2020,0.3703
Dominican Republic,DOM,2021,0.3703
Dominican Republic,DOM,2022,0.41705
Ecuador,ECU,2007,0.0024
Ecuador,ECU,2008,0.0024
Ecuador,ECU,2009,0.0024
Ecuador,ECU,2010,0.0024
Ecuador,ECU,2011,0.0024
Ecuador,ECU,2012,0.0024
Ecuador,ECU,2013,0.018900001
Ecuador,ECU,2014,0.02115
Ecuador,ECU,2015,0.02115
Ecuador,ECU,2016,0.02115
Ecuador,ECU,2017,0.02115
Ecuador,ECU,2018,0.02115
Ecuador,ECU,2019,0.02115
Ecuador,ECU,2020,0.02115
Ecuador,ECU,2021,0.02115
Ecuador,ECU,2022,0.02115
Egypt,EGY,2000,0.074
Egypt,EGY,2001,0.074
Egypt,EGY,2002,0.074
Egypt,EGY,2003,0.074
Egypt,EGY,2004,0.15
Egypt,EGY,2005,0.15
Egypt,EGY,2006,0.23500001
Egypt,EGY,2007,0.31500003
Egypt,EGY,2008,0.395
Egypt,EGY,2009,0.44000003
Egypt,EGY,2010,0.555
Egypt,EGY,2011,0.555
Egypt,EGY,2012,0.555
Egypt,EGY,2013,0.555
Egypt,EGY,2014,0.555
Egypt,EGY,2015,0.75500005
Egypt,EGY,2016,0.75500005
Egypt,EGY,2017,0.75500005
Egypt,EGY,2018,1.13
Egypt,EGY,2019,1.1320001
Egypt,EGY,2020,1.3800001
Egypt,EGY,2021,1.6400001
Egypt,EGY,2022,1.6425
El Salvador,SLV,2020,0.036000002
El Salvador,SLV,2021,0.054
El Salvador,SLV,2022,0.054
Eritrea,ERI,2007,0.00082500005
Eritrea,ERI,2008,0.00082500005
Eritrea,ERI,2009,0.00082500005
Eritrea,ERI,2010,0.00082500005
Eritrea,ERI,2011,0.00082500005
Eritrea,ERI,2012,0.00082500005
Eritrea,ERI,2013,0.00082500005
Eritrea,ERI,2014,0.00082500005
Eritrea,ERI,2015,0.00082500005
Eritrea,ERI,2016,0.00082500005
Eritrea,ERI,2017,0.00082500005
Eritrea,ERI,2018,0.00082500005
Eritrea,ERI,2019,0.00082500005
Eritrea,ERI,2020,0.00082500005
Eritrea,ERI,2021,0.00082500005
Eritrea,ERI,2022,0.00082500005
Estonia,EST,2002,0.001
Estonia,EST,2003,0.003
Estonia,EST,2004,0.007
Estonia,EST,2005,0.031000001
Estonia,EST,2006,0.031000001
Estonia,EST,2007,0.05
Estonia,EST,2008,0.07700001
Estonia,EST,2009,0.104
Estonia,EST,2010,0.108
Estonia,EST,2011,0.18
Estonia,EST,2012,0.266
Estonia,EST,2013,0.24800001
Estonia,EST,2014,0.275
Estonia,EST,2015,0.3
Estonia,EST,2016,0.31
Estonia,EST,2017,0.3118
Estonia,EST,2018,0.31
Estonia,EST,2019,0.316
Estonia,EST,2020,0.317
Estonia,EST,2021,0.31500003
Estonia,EST,2022,0.31500003
Ethiopia,ETH,2011,0.081
Ethiopia,ETH,2012,0.081
Ethiopia,ETH,2013,0.171
Ethiopia,ETH,2014,0.171
Ethiopia,ETH,2015,0.324
Ethiopia,ETH,2016,0.32400602
Ethiopia,ETH,2017,0.32400602
Ethiopia,ETH,2018,0.32400602
Ethiopia,ETH,2019,0.32400602
Ethiopia,ETH,2020,0.32400602
Ethiopia,ETH,2021,0.32400602
Ethiopia,ETH,2022,0.40400603
Eurasia (IRENA),,2000,0.022000002
Eurasia (IRENA),,2001,0.022000002
Eurasia (IRENA),,2002,0.026
Eurasia (IRENA),,2003,0.028
Eurasia (IRENA),,2004,0.028
Eurasia (IRENA),,2005,0.03364
Eurasia (IRENA),,2006,0.07164
Eurasia (IRENA),,2007,0.15864001
Eurasia (IRENA),,2008,0.37664002
Eurasia (IRENA),,2009,0.80664
Eurasia (IRENA),,2010,1.33464
Eurasia (IRENA),,2011,1.7436401
Eurasia (IRENA),,2012,2.27564
Eurasia (IRENA),,2013,2.7753403
Eurasia (IRENA),,2014,3.6453402
Eurasia (IRENA),,2015,4.5245004
Eurasia (IRENA),,2016,5.800525
Eurasia (IRENA),,2017,6.5656753
Eurasia (IRENA),,2018,7.146211
Eurasia (IRENA),,2019,7.7829814
Eurasia (IRENA),,2020,9.86762
Eurasia (IRENA),,2021,12.65192
Eurasia (IRENA),,2022,13.712121
Europe,,2000,12.733915
Europe,,2001,17.395935
Europe,,2002,23.295113
Europe,,2003,28.161947
Europe,,2004,34.32937
Europe,,2005,40.69429
Europe,,2006,47.928905
Europe,,2007,56.35081
Europe,,2008,64.06529
Europe,,2009,75.81754
Europe,,2010,84.93002
Europe,,2011,94.723946
Europe,,2012,107.20246
Europe,,2013,118.179634
Europe,,2014,130.2082
Europe,,2015,143.0263
Europe,,2016,155.73802
Europe,,2017,170.62717
Europe,,2018,181.839
Europe,,2019,196.2056
Europe,,2020,208.85567
Europe,,2021,223.98917
Europe,,2022,242.84172
Europe (IRENA),,2000,12.730916
Europe (IRENA),,2001,17.392935
Europe (IRENA),,2002,23.288113
Europe (IRENA),,2003,28.152946
Europe (IRENA),,2004,34.32037
Europe (IRENA),,2005,40.68429
Europe (IRENA),,2006,47.9189
Europe (IRENA),,2007,56.340813
Europe (IRENA),,2008,64.0553
Europe (IRENA),,2009,75.80754
Europe (IRENA),,2010,84.92002
Europe (IRENA),,2011,94.71394
Europe (IRENA),,2012,107.19246
Europe (IRENA),,2013,118.16963
Europe (IRENA),,2014,130.19821
Europe (IRENA),,2015,143.01541
Europe (IRENA),,2016,155.72711
Europe (IRENA),,2017,170.61627
Europe (IRENA),,2018,181.78711
Europe (IRENA),,2019,196.1037
Europe (IRENA),,2020,207.91037
Europe (IRENA),,2021,222.03416
Europe (IRENA),,2022,240.62372
European Union (27),,2000,12.304816
European Union (27),,2001,16.852255
European Union (27),,2002,22.615232
European Union (27),,2003,27.270018
European Union (27),,2004,33.17814
European Union (27),,2005,38.790733
European Union (27),,2006,45.62127
European Union (27),,2007,53.453728
European Union (27),,2008,60.14922
European Union (27),,2009,70.89046
European Union (27),,2010,78.97634
European Union (27),,2011,87.44586
European Union (27),,2012,97.18437
European Union (27),,2013,105.66655
European Union (27),,2014,115.65853
European Union (27),,2015,127.21668
European Union (27),,2016,138.0188
European Union (27),,2017,148.95628
European Union (27),,2018,157.2555
European Union (27),,2019,167.21098
European Union (27),,2020,177.13213
European Union (27),,2021,188.45285
European Union (27),,2022,204.12202
Falkland Islands,FLK,2000,0.00026
Falkland Islands,FLK,2001,0.00026
Falkland Islands,FLK,2002,0.00026
Falkland Islands,FLK,2003,0.00026
Falkland Islands,FLK,2004,0.00026
Falkland Islands,FLK,2005,0.00026
Falkland Islands,FLK,2006,0.00026
Falkland Islands,FLK,2007,0.0012500001
Falkland Islands,FLK,2008,0.0013300001
Falkland Islands,FLK,2009,0.0013300001
Falkland Islands,FLK,2010,0.0013300001
Falkland Islands,FLK,2011,0.0013300001
Falkland Islands,FLK,2012,0.0013300001
Falkland Islands,FLK,2013,0.0013300001
Falkland Islands,FLK,2014,0.0013300001
Falkland Islands,FLK,2015,0.0013300001
Falkland Islands,FLK,2016,0.0013300001
Falkland Islands,FLK,2017,0.0013300001
Falkland Islands,FLK,2018,0.0013300001
Falkland Islands,FLK,2019,0.00331
Falkland Islands,FLK,2020,0.00331
Falkland Islands,FLK,2021,0.00331
Falkland Islands,FLK,2022,0.00331
Faroe Islands,FRO,2000,0.00015
Faroe Islands,FRO,2001,0.00015
Faroe Islands,FRO,2002,0.00015
Faroe Islands,FRO,2003,0.0021300002
Faroe Islands,FRO,2004,0.0021300002
Faroe Islands,FRO,2005,0.00411
Faroe Islands,FRO,2006,0.00411
Faroe Islands,FRO,2007,0.00411
Faroe Islands,FRO,2008,0.00411
Faroe Islands,FRO,2009,0.00411
Faroe Islands,FRO,2010,0.00411
Faroe Islands,FRO,2011,0.00411
Faroe Islands,FRO,2012,0.00861
Faroe Islands,FRO,2013,0.00861
Faroe Islands,FRO,2014,0.02031
Faroe Islands,FRO,2015,0.02031
Faroe Islands,FRO,2016,0.02031
Faroe Islands,FRO,2017,0.02031
Faroe Islands,FRO,2018,0.016350001
Faroe Islands,FRO,2019,0.012750001
Faroe Islands,FRO,2020,0.01905
Faroe Islands,FRO,2021,0.0225
Faroe Islands,FRO,2022,0.0225
Fiji,FJI,2000,0.000060000002
Fiji,FJI,2001,0.000060000002
Fiji,FJI,2002,0.000060000002
Fiji,FJI,2003,0.000060000002
Fiji,FJI,2004,0
Fiji,FJI,2005,0
Fiji,FJI,2006,0
Fiji,FJI,2007,0.010175001
Fiji,FJI,2008,0.010175001
Fiji,FJI,2009,0.010175001
Fiji,FJI,2010,0.010175001
Fiji,FJI,2011,0.010175001
Fiji,FJI,2012,0.010175001
Fiji,FJI,2013,0.010175001
Fiji,FJI,2014,0.010175001
Fiji,FJI,2015,0.010175001
Fiji,FJI,2016,0.010175001
Fiji,FJI,2017,0.010175001
Fiji,FJI,2018,0.010175001
Fiji,FJI,2019,0.010175001
Fiji,FJI,2020,0.010175001
Fiji,FJI,2021,0.010175001
Fiji,FJI,2022,0.010175001
Finland,FIN,2000,0.038000003
Finland,FIN,2001,0.039
Finland,FIN,2002,0.043
Finland,FIN,2003,0.052
Finland,FIN,2004,0.082
Finland,FIN,2005,0.082
Finland,FIN,2006,0.086
Finland,FIN,2007,0.11000001
Finland,FIN,2008,0.143
Finland,FIN,2009,0.147
Finland,FIN,2010,0.19700001
Finland,FIN,2011,0.19900002
Finland,FIN,2012,0.257
Finland,FIN,2013,0.44700003
Finland,FIN,2014,0.62700003
Finland,FIN,2015,1.005
Finland,FIN,2016,1.565
Finland,FIN,2017,2.0440001
Finland,FIN,2018,2.0410001
Finland,FIN,2019,2.2840002
Finland,FIN,2020,2.5860002
Finland,FIN,2021,3.2570002
Finland,FIN,2022,5.6140003
France,FRA,2000,0.038000003
France,FRA,2001,0.066
France,FRA,2002,0.13800001
France,FRA,2003,0.21800001
France,FRA,2004,0.358
France,FRA,2005,0.69000006
France,FRA,2006,1.4120001
France,FRA,2007,2.223
France,FRA,2008,3.403
France,FRA,2009,4.5820003
France,FRA,2010,5.912
France,FRA,2011,6.7580166
France,FRA,2012,7.6074963
France,FRA,2013,8.155961
France,FRA,2014,9.201426
France,FRA,2015,10.298178
France,FRA,2016,11.566562
France,FRA,2017,13.499352
France,FRA,2018,14.900144
France,FRA,2019,16.426853
France,FRA,2020,17.513998
France,FRA,2021,18.739979
France,FRA,2022,21.11998
French Polynesia,PYF,2000,0.000120000004
French Polynesia,PYF,2001,0.000120000004
French Polynesia,PYF,2002,0.000120000004
French Polynesia,PYF,2003,0.000120000004
French Polynesia,PYF,2004,0.00013500001
French Polynesia,PYF,2005,0.00013500001
French Polynesia,PYF,2006,0.00013500001
French Polynesia,PYF,2007,0.00015800001
French Polynesia,PYF,2008,0.000368
French Polynesia,PYF,2009,0.000368
French Polynesia,PYF,2010,0.000248
French Polynesia,PYF,2011,0.000248
French Polynesia,PYF,2012,0.000248
French Polynesia,PYF,2013,0.000248
French Polynesia,PYF,2014,0.000248
French Polynesia,PYF,2015,0.000248
French Polynesia,PYF,2016,0.000248
French Polynesia,PYF,2017,0.000248
French Polynesia,PYF,2018,0.000248
French Polynesia,PYF,2019,0.000248
French Polynesia,PYF,2020,0.000248
French Polynesia,PYF,2021,0.000248
French Polynesia,PYF,2022,0.000248
Gambia,GMB,2009,0.00015
Gambia,GMB,2010,0.00015
Gambia,GMB,2011,0.00015
Gambia,GMB,2012,0.00105
Gambia,GMB,2013,0.00105
Gambia,GMB,2014,0.001214
Gambia,GMB,2015,0.001214
Gambia,GMB,2016,0.001214
Gambia,GMB,2017,0.001214
Gambia,GMB,2018,0.001214
Gambia,GMB,2019,0.001214
Gambia,GMB,2020,0.001214
Gambia,GMB,2021,0.001214
Gambia,GMB,2022,0.001214
Georgia,GEO,2016,0.020000001
Georgia,GEO,2017,0.020000001
Georgia,GEO,2018,0.020000001
Georgia,GEO,2019,0.021000002
Georgia,GEO,2020,0.021000002
Georgia,GEO,2021,0.021000002
Georgia,GEO,2022,0.029000001
Germany,DEU,2000,6.0950003
Germany,DEU,2001,8.754001
Germany,DEU,2002,12.001
Germany,DEU,2003,14.3810005
Germany,DEU,2004,16.419
Germany,DEU,2005,18.248001
Germany,DEU,2006,20.474
Germany,DEU,2007,22.116001
Germany,DEU,2008,22.794
Germany,DEU,2009,25.732
Germany,DEU,2010,26.903002
Germany,DEU,2011,28.712002
Germany,DEU,2012,30.979002
Germany,DEU,2013,33.477
Germany,DEU,2014,38.614002
Germany,DEU,2015,44.58
Germany,DEU,2016,49.435
Germany,DEU,2017,55.58
Germany,DEU,2018,58.721004
Germany,DEU,2019,60.742004
Germany,DEU,2020,62.201004
Germany,DEU,2021,63.833004
Germany,DEU,2022,66.315
Ghana,GHA,2015,0.000020000001
Ghana,GHA,2016,0.000020000001
Ghana,GHA,2017,0.000020000001
Ghana,GHA,2018,0.000020000001
Ghana,GHA,2019,0.000020000001
Ghana,GHA,2020,0.000020000001
Ghana,GHA,2021,0.000020000001
Ghana,GHA,2022,0.000020000001
Greece,GRC,2000,0.22600001
Greece,GRC,2001,0.27
Greece,GRC,2002,0.287
Greece,GRC,2003,0.37100002
Greece,GRC,2004,0.47000003
Greece,GRC,2005,0.49100003
Greece,GRC,2006,0.749
Greece,GRC,2007,0.846
Greece,GRC,2008,1.0220001
Greece,GRC,2009,1.171
Greece,GRC,2010,1.2980001
Greece,GRC,2011,1.6400001
Greece,GRC,2012,1.7530001
Greece,GRC,2013,1.8090001
Greece,GRC,2014,1.978
Greece,GRC,2015,2.091
Greece,GRC,2016,2.3700001
Greece,GRC,2017,2.624
Greece,GRC,2018,2.8774953
Greece,GRC,2019,3.5890002
Greece,GRC,2020,4.1192503
Greece,GRC,2021,4.64913
Greece,GRC,2022,4.87913
Greenland,GRL,2018,0.000050000002
Greenland,GRL,2019,0.000050000002
Greenland,GRL,2020,0.000050000002
Greenland,GRL,2021,0.000050000002
Greenland,GRL,2022,0.000050000002
Grenada,GRD,2007,0
Grenada,GRD,2008,0.000080000005
Grenada,GRD,2009,0.000080000005
Grenada,GRD,2010,0.000080000005
Grenada,GRD,2011,0.000080000005
Grenada,GRD,2012,0.000080000005
Grenada,GRD,2013,0.000080000005
Grenada,GRD,2014,0.000080000005
Grenada,GRD,2015,0.000080000005
Grenada,GRD,2016,0.000080000005
Grenada,GRD,2017,0.000080000005
Grenada,GRD,2018,0.000080000005
Grenada,GRD,2019,0.000080000005
Grenada,GRD,2020,0.000080000005
Grenada,GRD,2021,0.000080000005
Grenada,GRD,2022,0.000080000005
Guadeloupe,GLP,2000,0.0073000006
Guadeloupe,GLP,2001,0.0073000006
Guadeloupe,GLP,2002,0.010600001
Guadeloupe,GLP,2003,0.018700002
Guadeloupe,GLP,2004,0.018700002
Guadeloupe,GLP,2005,0.018700002
Guadeloupe,GLP,2006,0.020600002
Guadeloupe,GLP,2007,0.022000002
Guadeloupe,GLP,2008,0.022000002
Guadeloupe,GLP,2009,0.022000002
Guadeloupe,GLP,2010,0.023400001
Guadeloupe,GLP,2011,0.023400001
Guadeloupe,GLP,2012,0.023400001
Guadeloupe,GLP,2013,0.023400001
Guadeloupe,GLP,2014,0.023400001
Guadeloupe,GLP,2015,0.027
Guadeloupe,GLP,2016,0.026400002
Guadeloupe,GLP,2017,0.026400002
Guadeloupe,GLP,2018,0.026400002
Guadeloupe,GLP,2019,0.042400002
Guadeloupe,GLP,2020,0.041675
Guadeloupe,GLP,2021,0.051575005
Guadeloupe,GLP,2022,0.051575005
Guam,GUM,2016,0.00027500003
Guam,GUM,2017,0.00027500003
Guam,GUM,2018,0.00027500003
Guam,GUM,2019,0.00027500003
Guam,GUM,2020,0.00027500003
Guam,GUM,2021,0.00027500003
Guam,GUM,2022,0.00027500003
Guatemala,GTM,2015,0.0759
Guatemala,GTM,2016,0.0759
Guatemala,GTM,2017,0.0759
Guatemala,GTM,2018,0.10740001
Guatemala,GTM,2019,0.10740001
Guatemala,GTM,2020,0.10740001
Guatemala,GTM,2021,0.10740001
Guatemala,GTM,2022,0.10740001
Guyana,GUY,2000,0.000010000001
Guyana,GUY,2001,0.000010000001
Guyana,GUY,2002,0.000010000001
Guyana,GUY,2003,0.000010000001
Guyana,GUY,2004,0.000010000001
Guyana,GUY,2005,0.000010000001
Guyana,GUY,2006,0.000010000001
Guyana,GUY,2007,0.000010000001
Guyana,GUY,2008,0.000010000001
Guyana,GUY,2009,0.000010000001
Guyana,GUY,2010,0.000010000001
Guyana,GUY,2011,0.000010000001
Guyana,GUY,2012,0.000010000001
Guyana,GUY,2013,0.000030000001
Guyana,GUY,2014,0.000040000003
Guyana,GUY,2015,0.000080000005
Guyana,GUY,2016,0.000080000005
Guyana,GUY,2017,0.000080000005
Guyana,GUY,2018,0.000080000005
Guyana,GUY,2019,0.000080000005
Guyana,GUY,2020,0.000080000005
Guyana,GUY,2021,0.000080000005
Guyana,GUY,2022,0.000080000005
Haiti,HTI,2018,0.000024
Haiti,HTI,2019,0.000024
Haiti,HTI,2020,0.000024
Haiti,HTI,2021,0.000024
Haiti,HTI,2022,0.000024
High-income countries,,2000,15.373401
High-income countries,,2001,21.672419
High-income countries,,2002,28.303837
High-income countries,,2003,35.247673
High-income countries,,2004,42.540268
High-income countries,,2005,52.282
High-income countries,,2006,63.686543
High-income countries,,2007,78.12971
High-income countries,,2008,95.00213
High-income countries,,2009,118.181725
High-income countries,,2010,133.5053
High-income countries,,2011,151.51616
High-income countries,,2012,179.15662
High-income countries,,2013,193.39001
High-income countries,,2014,213.02963
High-income countries,,2015,237.11989
High-income countries,,2016,260.6243
High-income countries,,2017,283.42874
High-income countries,,2018,302.73798
High-income countries,,2019,327.55396
High-income countries,,2020,357.75632
High-income countries,,2021,388.19394
High-income countries,,2022,418.30563
Honduras,HND,2011,0.102000006
Honduras,HND,2012,0.102000006
Honduras,HND,2013,0.15200001
Honduras,HND,2014,0.15200001
Honduras,HND,2015,0.1559
Honduras,HND,2016,0.1789
Honduras,HND,2017,0.2289
Honduras,HND,2018,0.2289
Honduras,HND,2019,0.2389
Honduras,HND,2020,0.2389
Honduras,HND,2021,0.2389
Honduras,HND,2022,0.2389
Hong Kong,HKG,2017,0.000803
Hong Kong,HKG,2018,0.000803
Hong Kong,HKG,2019,0.000803
Hong Kong,HKG,2020,0.000803
Hong Kong,HKG,2021,0.000803
Hong Kong,HKG,2022,0.000803
Hungary,HUN,2001,0.001
Hungary,HUN,2002,0.001
Hungary,HUN,2003,0.003
Hungary,HUN,2004,0.003
Hungary,HUN,2005,0.017
Hungary,HUN,2006,0.033
Hungary,HUN,2007,0.061000004
Hungary,HUN,2008,0.134
Hungary,HUN,2009,0.20300001
Hungary,HUN,2010,0.293
Hungary,HUN,2011,0.33100003
Hungary,HUN,2012,0.32500002
Hungary,HUN,2013,0.32900003
Hungary,HUN,2014,0.32900003
Hungary,HUN,2015,0.32900003
Hungary,HUN,2016,0.32900003
Hungary,HUN,2017,0.32900003
Hungary,HUN,2018,0.32900003
Hungary,HUN,2019,0.323
Hungary,HUN,2020,0.323
Hungary,HUN,2021,0.324
Hungary,HUN,2022,0.324
Iceland,ISL,2013,0.002
Iceland,ISL,2014,0.003
Iceland,ISL,2015,0.003
Iceland,ISL,2016,0.003
Iceland,ISL,2017,0.00243
Iceland,ISL,2018,0.0024
Iceland,ISL,2019,0.0024
Iceland,ISL,2020,0.0018000001
Iceland,ISL,2021,0.0018000001
Iceland,ISL,2022,0.0018000001
India,IND,2000,0.94100004
India,IND,2001,1.5630001
India,IND,2002,1.6060001
India,IND,2003,2.4610002
India,IND,2004,3.8130002
India,IND,2005,4.4339
India,IND,2006,6.3150005
India,IND,2007,7.8445206
India,IND,2008,10.2425
India,IND,2009,10.925
India,IND,2010,13.184001
India,IND,2011,16.179
India,IND,2012,17.2997
India,IND,2013,18.4204
India,IND,2014,22.465302
India,IND,2015,25.08819
India,IND,2016,28.700441
India,IND,2017,32.84846
India,IND,2018,35.288105
India,IND,2019,37.50518
India,IND,2020,38.558605
India,IND,2021,40.06727
India,IND,2022,41.929783
Indonesia,IDN,2007,0.000100000005
Indonesia,IDN,2008,0.00026
Indonesia,IDN,2009,0.00106
Indonesia,IDN,2010,0.00034000003
Indonesia,IDN,2011,0.00093000004
Indonesia,IDN,2012,0.00093000004
Indonesia,IDN,2013,0.00063
Indonesia,IDN,2014,0.00112
Indonesia,IDN,2015,0.00146
Indonesia,IDN,2016,0.00146
Indonesia,IDN,2017,0.00146
Indonesia,IDN,2018,0.14351
Indonesia,IDN,2019,0.15431
Indonesia,IDN,2020,0.15431
Indonesia,IDN,2021,0.15431
Indonesia,IDN,2022,0.15431
Iran,IRN,2000,0.011000001
Iran,IRN,2001,0.011000001
Iran,IRN,2002,0.012
Iran,IRN,2003,0.016
Iran,IRN,2004,0.0249
Iran,IRN,2005,0.037
Iran,IRN,2006,0.047000002
Iran,IRN,2007,0.063
Iran,IRN,2008,0.063
Iran,IRN,2009,0.09200001
Iran,IRN,2010,0.095000006
Iran,IRN,2011,0.09821001
Iran,IRN,2012,0.106130004
Iran,IRN,2013,0.10763
Iran,IRN,2014,0.14878
Iran,IRN,2015,0.15344001
Iran,IRN,2016,0.19094001
Iran,IRN,2017,0.259
Iran,IRN,2018,0.282
Iran,IRN,2019,0.30492002
Iran,IRN,2020,0.30808
Iran,IRN,2021,0.31020004
Iran,IRN,2022,0.342
Ireland,IRL,2000,0.116500005
Ireland,IRL,2001,0.12290001
Ireland,IRL,2002,0.13480002
Ireland,IRL,2003,0.21030001
Ireland,IRL,2004,0.3364
Ireland,IRL,2005,0.49330002
Ireland,IRL,2006,0.6765
Ireland,IRL,2007,0.74050003
Ireland,IRL,2008,0.9423
Ireland,IRL,2009,1.2513001
Ireland,IRL,2010,1.3904
Ireland,IRL,2011,1.5846001
Ireland,IRL,2012,1.7043501
Ireland,IRL,2013,1.9233001
Ireland,IRL,2014,2.28325
Ireland,IRL,2015,2.45115
Ireland,IRL,2016,2.80165
Ireland,IRL,2017,3.31915
Ireland,IRL,2018,3.6738503
Ireland,IRL,2019,4.1264505
Ireland,IRL,2020,4.3067
Ireland,IRL,2021,4.339041
Ireland,IRL,2022,4.6190414
Israel,ISR,2002,0.006
Israel,ISR,2003,0.006
Israel,ISR,2004,0.006
Israel,ISR,2005,0.006
Israel,ISR,2006,0.006
Israel,ISR,2007,0.006
Israel,ISR,2008,0.006
Israel,ISR,2009,0.006
Israel,ISR,2010,0.006
Israel,ISR,2011,0.006
Israel,ISR,2012,0.006
Israel,ISR,2013,0.006
Israel,ISR,2014,0.006
Israel,ISR,2015,0.006
Israel,ISR,2016,0.027250001
Israel,ISR,2017,0.027250001
Israel,ISR,2018,0.027250001
Israel,ISR,2019,0.027250001
Israel,ISR,2020,0.027250001
Israel,ISR,2021,0.027250001
Israel,ISR,2022,0.027250001
Italy,ITA,2000,0.363
Italy,ITA,2001,0.66400003
Italy,ITA,2002,0.78000003
Italy,ITA,2003,0.874
Italy,ITA,2004,1.1270001
Italy,ITA,2005,1.6350001
Italy,ITA,2006,1.9020001
Italy,ITA,2007,2.7020001
Italy,ITA,2008,3.525
Italy,ITA,2009,4.879
Italy,ITA,2010,5.794
Italy,ITA,2011,6.918
Italy,ITA,2012,8.102
Italy,ITA,2013,8.542001
Italy,ITA,2014,8.683001
Italy,ITA,2015,9.137
Italy,ITA,2016,9.384001
Italy,ITA,2017,9.736579
Italy,ITA,2018,10.230247
Italy,ITA,2019,10.679461
Italy,ITA,2020,10.870623
Italy,ITA,2021,11.253734
Italy,ITA,2022,11.779734
Jamaica,JAM,2004,0.020700002
Jamaica,JAM,2005,0.020700002
Jamaica,JAM,2006,0.020700002
Jamaica,JAM,2007,0.020700002
Jamaica,JAM,2008,0.020700002
Jamaica,JAM,2009,0.020700002
Jamaica,JAM,2010,0.038900003
Jamaica,JAM,2011,0.038900003
Jamaica,JAM,2012,0.038900003
Jamaica,JAM,2013,0.038900003
Jamaica,JAM,2014,0.038900003
Jamaica,JAM,2015,0.038900003
Jamaica,JAM,2016,0.09900001
Jamaica,JAM,2017,0.09900001
Jamaica,JAM,2018,0.09900001
Jamaica,JAM,2019,0.09900001
Jamaica,JAM,2020,0.09900001
Jamaica,JAM,2021,0.09900001
Jamaica,JAM,2022,0.09900001
Japan,JPN,2000,0.08400001
Japan,JPN,2001,0.17500001
Japan,JPN,2002,0.277
Japan,JPN,2003,0.508
Japan,JPN,2004,0.76900005
Japan,JPN,2005,1.2270001
Japan,JPN,2006,1.8050001
Japan,JPN,2007,1.5270001
Japan,JPN,2008,1.756
Japan,JPN,2009,1.9970001
Japan,JPN,2010,2.2940001
Japan,JPN,2011,2.4190001
Japan,JPN,2012,2.562
Japan,JPN,2013,2.6460001
Japan,JPN,2014,2.753
Japan,JPN,2015,2.808
Japan,JPN,2016,3.2470002
Japan,JPN,2017,3.4830003
Japan,JPN,2018,3.4980001
Japan,JPN,2019,3.9540002
Japan,JPN,2020,4.367
Japan,JPN,2021,4.467
Japan,JPN,2022,4.577
Jordan,JOR,2000,0.0014000001
Jordan,JOR,2001,0.0014000001
Jordan,JOR,2002,0.0014000001
Jordan,JOR,2003,0.0014000001
Jordan,JOR,2004,0.0014000001
Jordan,JOR,2005,0.0014000001
Jordan,JOR,2006,0.0014000001
Jordan,JOR,2007,0.0014000001
Jordan,JOR,2008,0.0014000001
Jordan,JOR,2009,0.0014000001
Jordan,JOR,2010,0.0014000001
Jordan,JOR,2011,0.0014000001
Jordan,JOR,2012,0.0014000001
Jordan,JOR,2013,0.0014000001
Jordan,JOR,2014,0.0014000001
Jordan,JOR,2015,0.11840001
Jordan,JOR,2016,0.1984
Jordan,JOR,2017,0.1984
Jordan,JOR,2018,0.2804
Jordan,JOR,2019,0.37300003
Jordan,JOR,2020,0.51801
Jordan,JOR,2021,0.62151
Jordan,JOR,2022,0.61401004
Kazakhstan,KAZ,2012,0.0015
Kazakhstan,KAZ,2013,0.004
Kazakhstan,KAZ,2014,0.052810002
Kazakhstan,KAZ,2015,0.071755
Kazakhstan,KAZ,2016,0.098160006
Kazakhstan,KAZ,2017,0.11240001
Kazakhstan,KAZ,2018,0.12145
Kazakhstan,KAZ,2019,0.2838
Kazakhstan,KAZ,2020,0.48630002
Kazakhstan,KAZ,2021,0.68395007
Kazakhstan,KAZ,2022,1.10775
Kenya,KEN,2000,0.00040000002
Kenya,KEN,2001,0.00040000002
Kenya,KEN,2002,0.00040000002
Kenya,KEN,2003,0.00040000002
Kenya,KEN,2004,0.00040000002
Kenya,KEN,2005,0.00040000002
Kenya,KEN,2006,0.00040000002
Kenya,KEN,2007,0.00040000002
Kenya,KEN,2008,0.00040000002
Kenya,KEN,2009,0.00040000002
Kenya,KEN,2010,0.00565
Kenya,KEN,2011,0.00565
Kenya,KEN,2012,0.00565
Kenya,KEN,2013,0.00565
Kenya,KEN,2014,0.0058500003
Kenya,KEN,2015,0.026100002
Kenya,KEN,2016,0.026100002
Kenya,KEN,2017,0.02621
Kenya,KEN,2018,0.3361
Kenya,KEN,2019,0.3361
Kenya,KEN,2020,0.3361
Kenya,KEN,2021,0.43610004
Kenya,KEN,2022,0.43610004
Kosovo,OWID_KOS,2010,0.001
Kosovo,OWID_KOS,2011,0.001
Kosovo,OWID_KOS,2012,0.001
Kosovo,OWID_KOS,2013,0.001
Kosovo,OWID_KOS,2014,0.001
Kosovo,OWID_KOS,2015,0.001
Kosovo,OWID_KOS,2016,0.001
Kosovo,OWID_KOS,2017,0.03375
Kosovo,OWID_KOS,2018,0.03375
Kosovo,OWID_KOS,2019,0.03375
Kosovo,OWID_KOS,2020,0.03375
Kosovo,OWID_KOS,2021,0.13875
Kosovo,OWID_KOS,2022,0.13875
Kuwait,KWT,2013,0.0024
Kuwait,KWT,2014,0.0024
Kuwait,KWT,2015,0.0024
Kuwait,KWT,2016,0.0024
Kuwait,KWT,2017,0.0124
Kuwait,KWT,2018,0.0124
Kuwait,KWT,2019,0.0124
Kuwait,KWT,2020,0.0124
Kuwait,KWT,2021,0.0124
Kuwait,KWT,2022,0.0124
Latvia,LVA,2000,0.002
Latvia,LVA,2001,0.002
Latvia,LVA,2002,0.022000002
Latvia,LVA,2003,0.026
Latvia,LVA,2004,0.026
Latvia,LVA,2005,0.026
Latvia,LVA,2006,0.026
Latvia,LVA,2007,0.026
Latvia,LVA,2008,0.028
Latvia,LVA,2009,0.029000001
Latvia,LVA,2010,0.030000001
Latvia,LVA,2011,0.036000002
Latvia,LVA,2012,0.059000004
Latvia,LVA,2013,0.065892
Latvia,LVA,2014,0.068915
Latvia,LVA,2015,0.068165004
Latvia,LVA,2016,0.069905005
Latvia,LVA,2017,0.07710501
Latvia,LVA,2018,0.078172
Latvia,LVA,2019,0.078072004
Latvia,LVA,2020,0.078072004
Latvia,LVA,2021,0.077129
Latvia,LVA,2022,0.136129
Lebanon,LBN,2012,0.0005
Lebanon,LBN,2013,0.002
Lebanon,LBN,2014,0.003
Lebanon,LBN,2015,0.003
Lebanon,LBN,2016,0.003
Lebanon,LBN,2017,0.003
Lebanon,LBN,2018,0.003
Lebanon,LBN,2019,0.003
Lebanon,LBN,2020,0.003
Lebanon,LBN,2021,0.003
Lebanon,LBN,2022,0.003
Lithuania,LTU,2004,0.001
Lithuania,LTU,2005,0.001
Lithuania,LTU,2006,0.031000001
Lithuania,LTU,2007,0.047000002
Lithuania,LTU,2008,0.054
Lithuania,LTU,2009,0.098000005
Lithuania,LTU,2010,0.133
Lithuania,LTU,2011,0.202
Lithuania,LTU,2012,0.275
Lithuania,LTU,2013,0.279
Lithuania,LTU,2014,0.28800002
Lithuania,LTU,2015,0.43600002
Lithuania,LTU,2016,0.509
Lithuania,LTU,2017,0.518
Lithuania,LTU,2018,0.53300005
Lithuania,LTU,2019,0.53400004
Lithuania,LTU,2020,0.54
Lithuania,LTU,2021,0.671
Lithuania,LTU,2022,0.814
Low-income countries,,2004,0.0006
Low-income countries,,2005,0.0006
Low-income countries,,2006,0.0006
Low-income countries,,2007,0.0014400001
Low-income countries,,2008,0.00164
Low-income countries,,2009,0.00187
Low-income countries,,2010,0.0019470002
Low-income countries,,2011,0.082952
Low-income countries,,2012,0.086152
Low-income countries,,2013,0.17615202
Low-income countries,,2014,0.17631602
Low-income countries,,2015,0.329916
Low-income countries,,2016,0.33102202
Low-income countries,,2017,0.33247203
Low-income countries,,2018,0.33247203
Low-income countries,,2019,0.33247203
Low-income countries,,2020,0.33247203
Low-income countries,,2021,0.33247203
Low-income countries,,2022,0.41247204
Lower-middle-income countries,,2000,1.099055
Lower-middle-income countries,,2001,1.752292
Lower-middle-income countries,,2002,1.808392
Lower-middle-income countries,,2003,2.68487
Lower-middle-income countries,,2004,4.1384897
Lower-middle-income countries,,2005,4.80969
Lower-middle-income countries,,2006,6.786393
Lower-middle-income countries,,2007,8.477863
Lower-middle-income countries,,2008,10.968328
Lower-middle-income countries,,2009,11.917598
Lower-middle-income countries,,2010,14.377278
Lower-middle-income countries,,2011,17.595278
Lower-middle-income countries,,2012,19.122795
Lower-middle-income countries,,2013,20.807966
Lower-middle-income countries,,2014,25.879969
Lower-middle-income countries,,2015,29.056429
Lower-middle-income countries,,2016,33.17662
Lower-middle-income countries,,2017,37.88369
Lower-middle-income countries,,2018,41.931187
Lower-middle-income countries,,2019,45.090065
Lower-middle-income countries,,2020,47.08477
Lower-middle-income countries,,2021,53.26165
Lower-middle-income countries,,2022,55.85707
Luxembourg,LUX,2000,0.014
Luxembourg,LUX,2001,0.013900001
Luxembourg,LUX,2002,0.013900001
Luxembourg,LUX,2003,0.0205
Luxembourg,LUX,2004,0.034900002
Luxembourg,LUX,2005,0.034900002
Luxembourg,LUX,2006,0.034900002
Luxembourg,LUX,2007,0.034900002
Luxembourg,LUX,2008,0.042915
Luxembourg,LUX,2009,0.042930003
Luxembourg,LUX,2010,0.043727003
Luxembourg,LUX,2011,0.044527
Luxembourg,LUX,2012,0.058327
Luxembourg,LUX,2013,0.058327
Luxembourg,LUX,2014,0.058342002
Luxembourg,LUX,2015,0.063794
Luxembourg,LUX,2016,0.11969401
Luxembourg,LUX,2017,0.11969401
Luxembourg,LUX,2018,0.122894004
Luxembourg,LUX,2019,0.13579401
Luxembourg,LUX,2020,0.15274401
Luxembourg,LUX,2021,0.136444
Luxembourg,LUX,2022,0.165444
Madagascar,MDG,2007,0.0000150000005
Madagascar,MDG,2008,0.0000150000005
Madagascar,MDG,2009,0.000095
Madagascar,MDG,2010,0.00017200001
Madagascar,MDG,2011,0.00017700001
Madagascar,MDG,2012,0.00017700001
Madagascar,MDG,2013,0.00017700001
Madagascar,MDG,2014,0.00017700001
Madagascar,MDG,2015,0.00017700001
Madagascar,MDG,2016,0.00017700001
Madagascar,MDG,2017,0.00017700001
Madagascar,MDG,2018,0.00017700001
Madagascar,MDG,2019,0.00017700001
Madagascar,MDG,2020,0.00017700001
Madagascar,MDG,2021,0.00017700001
Madagascar,MDG,2022,0.00017700001
Maldives,MDV,2008,0.001407
Maldives,MDV,2009,0.001407
Maldives,MDV,2010,0.001407
Maldives,MDV,2011,0.001407
Maldives,MDV,2012,0.001407
Maldives,MDV,2013,0.001407
Maldives,MDV,2014,0.001407
Maldives,MDV,2015,0.001407
Maldives,MDV,2016,0.001407
Maldives,MDV,2017,0.001407
Maldives,MDV,2018,0.001407
Maldives,MDV,2019,0.001407
Maldives,MDV,2020,0.001407
Maldives,MDV,2021,0.001407
Maldives,MDV,2022,0.001407
Malta,MLT,2012,0.000100000005
Malta,MLT,2013,0.000100000005
Malta,MLT,2014,0.000100000005
Malta,MLT,2015,0.00007
Malta,MLT,2016,0.000100000005
Malta,MLT,2017,0.000100000005
Malta,MLT,2018,0.000100000005
Malta,MLT,2019,0.000100000005
Malta,MLT,2020,0.000100000005
Malta,MLT,2021,0.000100000005
Malta,MLT,2022,0.000100000005
Marshall Islands,MHL,2018,0.0000010000001
Marshall Islands,MHL,2019,0.0000010000001
Marshall Islands,MHL,2020,0.0000010000001
Marshall Islands,MHL,2021,0.0000010000001
Marshall Islands,MHL,2022,0.0000010000001
Martinique,MTQ,2004,0.0011000001
Martinique,MTQ,2005,0.0011000001
Martinique,MTQ,2006,0.0011000001
Martinique,MTQ,2007,0.0011000001
Martinique,MTQ,2008,0.0011000001
Martinique,MTQ,2009,0.0011000001
Martinique,MTQ,2010,0.0011000001
Martinique,MTQ,2011,0.0011000001
Martinique,MTQ,2012,0.0011000001
Martinique,MTQ,2013,0.0011000001
Martinique,MTQ,2014,0.0011000001
Martinique,MTQ,2015,0.0011000001
Martinique,MTQ,2016,0.0011000001
Martinique,MTQ,2017,0.0011000001
Martinique,MTQ,2018,0.0011000001
Martinique,MTQ,2019,0.013
Martinique,MTQ,2020,0.015100001
Martinique,MTQ,2021,0.014
Martinique,MTQ,2022,0.014
Mauritania,MRT,2013,0.0044000004
Mauritania,MRT,2014,0.0044000004
Mauritania,MRT,2015,0.034400005
Mauritania,MRT,2016,0.034400005
Mauritania,MRT,2017,0.034400005
Mauritania,MRT,2018,0.034400005
Mauritania,MRT,2019,0.034400005
Mauritania,MRT,2020,0.034400005
Mauritania,MRT,2021,0.034400005
Mauritania,MRT,2022,0.034400005
Mauritius,MUS,2003,0.00018000002
Mauritius,MUS,2004,0.00018000002
Mauritius,MUS,2005,0.00018000002
Mauritius,MUS,2006,0.00018000002
Mauritius,MUS,2007,0.00018000002
Mauritius,MUS,2008,0.00018000002
Mauritius,MUS,2009,0.00073
Mauritius,MUS,2010,0.0012800001
Mauritius,MUS,2011,0.0012800001
Mauritius,MUS,2012,0.0012800001
Mauritius,MUS,2013,0.0012800001
Mauritius,MUS,2014,0.0012800001
Mauritius,MUS,2015,0.0012800001
Mauritius,MUS,2016,0.01063
Mauritius,MUS,2017,0.01063
Mauritius,MUS,2018,0.01063
Mauritius,MUS,2019,0.01063
Mauritius,MUS,2020,0.01063
Mauritius,MUS,2021,0.01063
Mauritius,MUS,2022,0.01063
Mexico,MEX,2000,0.017
Mexico,MEX,2001,0.017
Mexico,MEX,2002,0.018000001
Mexico,MEX,2003,0.018000001
Mexico,MEX,2004,0.018000001
Mexico,MEX,2005,0.018000001
Mexico,MEX,2006,0.101
Mexico,MEX,2007,0.101
Mexico,MEX,2008,0.101
Mexico,MEX,2009,0.425
Mexico,MEX,2010,0.51900005
Mexico,MEX,2011,0.601
Mexico,MEX,2012,1.815
Mexico,MEX,2013,2.1220002
Mexico,MEX,2014,2.569
Mexico,MEX,2015,3.2710001
Mexico,MEX,2016,4.051
Mexico,MEX,2017,4.1800003
Mexico,MEX,2018,5.887
Mexico,MEX,2019,6.0730004
Mexico,MEX,2020,6.504
Mexico,MEX,2021,7.1541004
Mexico,MEX,2022,7.3121004
Micronesia (country),FSM,2018,0.00082500005
Micronesia (country),FSM,2019,0.00082500005
Micronesia (country),FSM,2020,0.00082500005
Micronesia (country),FSM,2021,0.00082500005
Micronesia (country),FSM,2022,0.00082500005
Middle East (IRENA),,2000,0.0124
Middle East (IRENA),,2001,0.0124
Middle East (IRENA),,2002,0.0194
Middle East (IRENA),,2003,0.023400001
Middle East (IRENA),,2004,0.0329
Middle East (IRENA),,2005,0.045
Middle East (IRENA),,2006,0.055000003
Middle East (IRENA),,2007,0.071
Middle East (IRENA),,2008,0.07167501
Middle East (IRENA),,2009,0.10067501
Middle East (IRENA),,2010,0.10368001
Middle East (IRENA),,2011,0.10689001
Middle East (IRENA),,2012,0.115310006
Middle East (IRENA),,2013,0.12156
Middle East (IRENA),,2014,0.16456
Middle East (IRENA),,2015,0.28622
Middle East (IRENA),,2016,0.42327002
Middle East (IRENA),,2017,0.50408
Middle East (IRENA),,2018,0.60908
Middle East (IRENA),,2019,0.7751
Middle East (IRENA),,2020,0.92327005
Middle East (IRENA),,2021,1.02889
Middle East (IRENA),,2022,1.0532501
Moldova,MDA,2013,0.001
Moldova,MDA,2014,0.001
Moldova,MDA,2015,0.001
Moldova,MDA,2016,0.001778
Moldova,MDA,2017,0.00919
Moldova,MDA,2018,0.033
Moldova,MDA,2019,0.035
Moldova,MDA,2020,0.041
Moldova,MDA,2021,0.073387004
Moldova,MDA,2022,0.101550005
Mongolia,MNG,2000,0.0000050000003
Mongolia,MNG,2001,0.000012
Mongolia,MNG,2002,0.000012
Mongolia,MNG,2003,0.000020000001
Mongolia,MNG,2004,0.000020000001
Mongolia,MNG,2005,0.000020000001
Mongolia,MNG,2006,0.000023
Mongolia,MNG,2007,0.00047300002
Mongolia,MNG,2008,0.00047300002
Mongolia,MNG,2009,0.00047300002
Mongolia,MNG,2010,0.000673
Mongolia,MNG,2011,0.000673
Mongolia,MNG,2012,0.0010060001
Mongolia,MNG,2013,0.050606
Mongolia,MNG,2014,0.050606
Mongolia,MNG,2015,0.050606
Mongolia,MNG,2016,0.050606
Mongolia,MNG,2017,0.101006
Mongolia,MNG,2018,0.15600601
Mongolia,MNG,2019,0.15600601
Mongolia,MNG,2020,0.156
Mongolia,MNG,2021,0.15599401
Mongolia,MNG,2022,0.15599401
Montenegro,MNE,2017,0.072000004
Montenegro,MNE,2018,0.072000004
Montenegro,MNE,2019,0.11800001
Montenegro,MNE,2020,0.11800001
Montenegro,MNE,2021,0.11800001
Montenegro,MNE,2022,0.11800001
Morocco,MAR,2000,0.054
Morocco,MAR,2001,0.054
Morocco,MAR,2002,0.054
Morocco,MAR,2003,0.054
Morocco,MAR,2004,0.054
Morocco,MAR,2005,0.054
Morocco,MAR,2006,0.054
Morocco,MAR,2007,0.11400001
Morocco,MAR,2008,0.11400001
Morocco,MAR,2009,0.22100002
Morocco,MAR,2010,0.22100002
Morocco,MAR,2011,0.25500003
Morocco,MAR,2012,0.25500003
Morocco,MAR,2013,0.49500003
Morocco,MAR,2014,0.79700005
Morocco,MAR,2015,0.79700005
Morocco,MAR,2016,0.90200007
Morocco,MAR,2017,1.0220001
Morocco,MAR,2018,1.225
Morocco,MAR,2019,1.225
Morocco,MAR,2020,1.4350001
Morocco,MAR,2021,1.4710001
Morocco,MAR,2022,1.5560001
Myanmar,MMR,2015,0.000003
Myanmar,MMR,2016,0.000003
Myanmar,MMR,2017,0.000006
Myanmar,MMR,2018,0.000006
Myanmar,MMR,2019,0.000006
Myanmar,MMR,2020,0.000006
Myanmar,MMR,2021,0.000006
Myanmar,MMR,2022,0.000006
Namibia,NAM,2005,0.00022000002
Namibia,NAM,2006,0.00022000002
Namibia,NAM,2007,0.00022000002
Namibia,NAM,2008,0.00022000002
Namibia,NAM,2009,0.00022000002
Namibia,NAM,2010,0.00022000002
Namibia,NAM,2011,0.00022000002
Namibia,NAM,2012,0.00022200002
Namibia,NAM,2013,0.00022200002
Namibia,NAM,2014,0.00022200002
Namibia,NAM,2015,0.00022200002
Namibia,NAM,2016,0.00022200002
Namibia,NAM,2017,0.005231
Namibia,NAM,2018,0.005231
Namibia,NAM,2019,0.005231
Namibia,NAM,2020,0.005231
Namibia,NAM,2021,0.005231
Namibia,NAM,2022,0.005231
Nepal,NPL,2013,0.000069
Nepal,NPL,2014,0.000069
Nepal,NPL,2015,0.000069
Nepal,NPL,2016,0.000069
Nepal,NPL,2017,0.000069
Nepal,NPL,2018,0.000169
Nepal,NPL,2019,0.00019900002
Nepal,NPL,2020,0.00019900002
Nepal,NPL,2021,0.00019900002
Nepal,NPL,2022,0.00019900002
Netherlands,NLD,2000,0.44700003
Netherlands,NLD,2001,0.48600003
Netherlands,NLD,2002,0.67200005
Netherlands,NLD,2003,0.90500003
Netherlands,NLD,2004,1.075
Netherlands,NLD,2005,1.2240001
Netherlands,NLD,2006,1.5610001
Netherlands,NLD,2007,1.7490001
Netherlands,NLD,2008,2.1490002
Netherlands,NLD,2009,2.2220001
Netherlands,NLD,2010,2.237
Netherlands,NLD,2011,2.3160002
Netherlands,NLD,2012,2.433
Netherlands,NLD,2013,2.713
Netherlands,NLD,2014,2.8650002
Netherlands,NLD,2015,3.3908403
Netherlands,NLD,2016,4.25712
Netherlands,NLD,2017,4.202
Netherlands,NLD,2018,4.3931103
Netherlands,NLD,2019,4.4841585
Netherlands,NLD,2020,6.6478753
Netherlands,NLD,2021,7.769366
Netherlands,NLD,2022,9.309365
New Caledonia,NCL,2000,0.0038250003
New Caledonia,NCL,2001,0.004365
New Caledonia,NCL,2002,0.0065650004
New Caledonia,NCL,2003,0.011185001
New Caledonia,NCL,2004,0.022735002
New Caledonia,NCL,2005,0.022735002
New Caledonia,NCL,2006,0.028235001
New Caledonia,NCL,2007,0.032360002
New Caledonia,NCL,2008,0.032360002
New Caledonia,NCL,2009,0.037310004
New Caledonia,NCL,2010,0.037310004
New Caledonia,NCL,2011,0.037585
New Caledonia,NCL,2012,0.037585
New Caledonia,NCL,2013,0.037585
New Caledonia,NCL,2014,0.037585
New Caledonia,NCL,2015,0.037585
New Caledonia,NCL,2016,0.037585
New Caledonia,NCL,2017,0.037585
New Caledonia,NCL,2018,0.037585
New Caledonia,NCL,2019,0.037585
New Caledonia,NCL,2020,0.037585
New Caledonia,NCL,2021,0.037585
New Caledonia,NCL,2022,0.037585
New Zealand,NZL,2000,0.036000002
New Zealand,NZL,2001,0.036000002
New Zealand,NZL,2002,0.054
New Zealand,NZL,2003,0.071
New Zealand,NZL,2004,0.165
New Zealand,NZL,2005,0.16700001
New Zealand,NZL,2006,0.16800001
New Zealand,NZL,2007,0.319
New Zealand,NZL,2008,0.321
New Zealand,NZL,2009,0.512
New Zealand,NZL,2010,0.53900003
New Zealand,NZL,2011,0.62200004
New Zealand,NZL,2012,0.62200004
New Zealand,NZL,2013,0.62200004
New Zealand,NZL,2014,0.68100005
New Zealand,NZL,2015,0.688
New Zealand,NZL,2016,0.689
New Zealand,NZL,2017,0.689
New Zealand,NZL,2018,0.689
New Zealand,NZL,2019,0.689
New Zealand,NZL,2020,0.689
New Zealand,NZL,2021,0.91200006
New Zealand,NZL,2022,0.91200006
Nicaragua,NIC,2009,0.039900005
Nicaragua,NIC,2010,0.063
Nicaragua,NIC,2011,0.063
Nicaragua,NIC,2012,0.14660001
Nicaragua,NIC,2013,0.14660001
Nicaragua,NIC,2014,0.18620001
Nicaragua,NIC,2015,0.18620001
Nicaragua,NIC,2016,0.18620001
Nicaragua,NIC,2017,0.18620001
Nicaragua,NIC,2018,0.18620001
Nicaragua,NIC,2019,0.18620001
Nicaragua,NIC,2020,0.18620001
Nicaragua,NIC,2021,0.18620001
Nicaragua,NIC,2022,0.18620001
Nigeria,NGA,2002,0
Nigeria,NGA,2003,0
Nigeria,NGA,2004,0
Nigeria,NGA,2005,0
Nigeria,NGA,2006,0
Nigeria,NGA,2007,0
Nigeria,NGA,2008,0
Nigeria,NGA,2009,0
Nigeria,NGA,2010,0
Nigeria,NGA,2011,0
Nigeria,NGA,2012,0
Nigeria,NGA,2013,0
Nigeria,NGA,2014,0
Nigeria,NGA,2015,0
Nigeria,NGA,2016,0
Nigeria,NGA,2017,0
Nigeria,NGA,2018,0
Nigeria,NGA,2019,0
Nigeria,NGA,2020,0
North America,,2000,2.5483103
North America,,2001,4.09375
North America,,2002,4.6810503
North America,,2003,6.4400005
North America,,2004,7.03941
North America,,2005,9.52472
North America,,2006,12.978001
North America,,2007,18.58044
North America,,2008,27.218431
North America,,2009,38.262234
North America,,2010,44.140755
North America,,2011,52.118786
North America,,2012,68.195816
North America,,2013,70.91868
North America,,2014,77.61343
North America,,2015,88.533775
North America,,2016,99.04903
North America,,2017,105.86342
North America,,2018,115.08137
North America,,2019,125.262085
North America,,2020,140.75937
North America,,2021,156.4686
North America,,2022,165.50539
North America (IRENA),,2000,2.486
North America (IRENA),,2001,4.01164
North America (IRENA),,2002,4.59564
North America (IRENA),,2003,6.3401904
North America (IRENA),,2004,6.9178
North America (IRENA),,2005,9.401411
North America (IRENA),,2006,12.852791
North America (IRENA),,2007,18.4561
North America (IRENA),,2008,27.088902
North America (IRENA),,2009,38.0034
North America (IRENA),,2010,43.8363
North America (IRENA),,2011,51.661568
North America (IRENA),,2012,67.4699
North America (IRENA),,2013,70.12177
North America (IRENA),,2014,76.69319
North America (IRENA),,2015,87.252235
North America (IRENA),,2016,97.52637
North America (IRENA),,2017,104.26079
North America (IRENA),,2018,113.36924
North America (IRENA),,2019,123.32162
North America (IRENA),,2020,138.79456
North America (IRENA),,2021,154.47699
North America (IRENA),,2022,163.46922
North Korea,PRK,2008,0.00020000001
North Korea,PRK,2009,0.00020000001
North Korea,PRK,2010,0.00020000001
North Korea,PRK,2011,0.00020000001
North Korea,PRK,2012,0.00020000001
North Korea,PRK,2013,0.00020000001
North Korea,PRK,2014,0.00020000001
North Korea,PRK,2015,0.00020000001
North Korea,PRK,2016,0.00020000001
North Korea,PRK,2017,0.0006
North Korea,PRK,2018,0.0006
North Korea,PRK,2019,0.0006
North Korea,PRK,2020,0.0006
North Korea,PRK,2021,0.0006
North Korea,PRK,2022,0.0006
North Macedonia,MKD,2014,0.037
North Macedonia,MKD,2015,0.037
North Macedonia,MKD,2016,0.037
North Macedonia,MKD,2017,0.037
North Macedonia,MKD,2018,0.037
North Macedonia,MKD,2019,0.037
North Macedonia,MKD,2020,0.037
North Macedonia,MKD,2021,0.037
North Macedonia,MKD,2022,0.037
Norway,NOR,2000,0.013
Norway,NOR,2001,0.013
Norway,NOR,2002,0.097
Norway,NOR,2003,0.097
Norway,NOR,2004,0.15200001
Norway,NOR,2005,0.26500002
Norway,NOR,2006,0.284
Norway,NOR,2007,0.34800002
Norway,NOR,2008,0.395
Norway,NOR,2009,0.423
Norway,NOR,2010,0.425
Norway,NOR,2011,0.512
Norway,NOR,2012,0.70500004
Norway,NOR,2013,0.818
Norway,NOR,2014,0.859
Norway,NOR,2015,0.86700004
Norway,NOR,2016,0.883
Norway,NOR,2017,1.207
Norway,NOR,2018,1.71
Norway,NOR,2019,2.914
Norway,NOR,2020,4.03
Norway,NOR,2021,5.0490003
Norway,NOR,2022,5.1340003
Oceania,,2000,0.073005006
Oceania,,2001,0.11654501
Oceania,,2002,0.166745
Oceania,,2003,0.272405
Oceania,,2004,0.5669101
Oceania,,2005,0.92991006
Oceania,,2006,1.0154101
Oceania,,2007,1.6107332
Oceania,,2008,1.8079681
Oceania,,2009,2.265918
Oceania,,2010,2.4537983
Oceania,,2011,2.8000731
Oceania,,2012,3.2340732
Oceania,,2013,3.8940842
Oceania,,2014,4.5301843
Oceania,,2015,4.921195
Oceania,,2016,5.06547
Oceania,,2017,5.553195
Oceania,,2018,6.1841216
Oceania,,2019,7.022436
Oceania,,2020,9.346436
Oceania,,2021,9.917036
Oceania,,2022,11.100436
Oceania (IRENA),,2000,0.073005
Oceania (IRENA),,2001,0.11654501
Oceania (IRENA),,2002,0.166745
Oceania (IRENA),,2003,0.272405
Oceania (IRENA),,2004,0.56691
Oceania (IRENA),,2005,0.92991
Oceania (IRENA),,2006,1.0154101
Oceania (IRENA),,2007,1.6107332
Oceania (IRENA),,2008,1.8079681
Oceania (IRENA),,2009,2.265918
Oceania (IRENA),,2010,2.4537983
Oceania (IRENA),,2011,2.8000731
Oceania (IRENA),,2012,3.2340732
Oceania (IRENA),,2013,3.8940842
Oceania (IRENA),,2014,4.5301843
Oceania (IRENA),,2015,4.921195
Oceania (IRENA),,2016,5.06547
Oceania (IRENA),,2017,5.553195
Oceania (IRENA),,2018,6.1841216
Oceania (IRENA),,2019,7.022436
Oceania (IRENA),,2020,9.346436
Oceania (IRENA),,2021,9.917037
Oceania (IRENA),,2022,11.100436
Oman,OMN,2019,0.05
Oman,OMN,2020,0.05
Oman,OMN,2021,0.05
Oman,OMN,2022,0.05
Pakistan,PAK,2008,0.006
Pakistan,PAK,2009,0.006
Pakistan,PAK,2010,0.006
Pakistan,PAK,2011,0.006
Pakistan,PAK,2012,0.056155
Pakistan,PAK,2013,0.10605501
Pakistan,PAK,2014,0.205555
Pakistan,PAK,2015,0.30835503
Pakistan,PAK,2016,0.590655
Pakistan,PAK,2017,0.78915507
Pakistan,PAK,2018,1.185855
Pakistan,PAK,2019,1.235855
Pakistan,PAK,2020,1.235855
Pakistan,PAK,2021,1.3351551
Pakistan,PAK,2022,1.4351552
Panama,PAN,2013,0.020000001
Panama,PAN,2014,0.055000003
Panama,PAN,2015,0.2525
Panama,PAN,2016,0.27
Panama,PAN,2017,0.27
Panama,PAN,2018,0.27
Panama,PAN,2019,0.27
Panama,PAN,2020,0.27
Panama,PAN,2021,0.27
Panama,PAN,2022,0.27
Peru,PER,2000,0.00070000003
Peru,PER,2001,0.00070000003
Peru,PER,2002,0.00070000003
Peru,PER,2003,0.00070000003
Peru,PER,2004,0.00070000003
Peru,PER,2005,0.00070000003
Peru,PER,2006,0.00070000003
Peru,PER,2007,0.00070000003
Peru,PER,2008,0.00070000003
Peru,PER,2009,0.00070000003
Peru,PER,2010,0.00070000003
Peru,PER,2011,0.00070000003
Peru,PER,2012,0.00070000003
Peru,PER,2013,0.00070000003
Peru,PER,2014,0.1427
Peru,PER,2015,0.23980002
Peru,PER,2016,0.23995
Peru,PER,2017,0.23995
Peru,PER,2018,0.37225002
Peru,PER,2019,0.37225002
Peru,PER,2020,0.40899
Peru,PER,2021,0.40899
Peru,PER,2022,0.40899
Philippines,PHL,2005,0.033
Philippines,PHL,2006,0.033
Philippines,PHL,2007,0.033
Philippines,PHL,2008,0.033
Philippines,PHL,2009,0.033
Philippines,PHL,2010,0.033
Philippines,PHL,2011,0.033
Philippines,PHL,2012,0.033
Philippines,PHL,2013,0.033
Philippines,PHL,2014,0.3369
Philippines,PHL,2015,0.4269
Philippines,PHL,2016,0.4269
Philippines,PHL,2017,0.4269
Philippines,PHL,2018,0.4269
Philippines,PHL,2019,0.4429
Philippines,PHL,2020,0.4429
Philippines,PHL,2021,0.4429
Philippines,PHL,2022,0.4429
Poland,POL,2000,0.004
Poland,POL,2001,0.019000001
Poland,POL,2002,0.032
Poland,POL,2003,0.035
Poland,POL,2004,0.040000003
Poland,POL,2005,0.12100001
Poland,POL,2006,0.172
Poland,POL,2007,0.30600002
Poland,POL,2008,0.526
Poland,POL,2009,0.70900005
Poland,POL,2010,1.108
Poland,POL,2011,1.8000001
Poland,POL,2012,2.5640001
Poland,POL,2013,3.4290001
Poland,POL,2014,3.8360002
Poland,POL,2015,4.886
Poland,POL,2016,5.747
Poland,POL,2017,5.759357
Poland,POL,2018,5.7660785
Poland,POL,2019,5.8368235
Poland,POL,2020,6.29825
Poland,POL,2021,6.967339
Poland,POL,2022,7.987339
Portugal,PRT,2000,0.083000004
Portugal,PRT,2001,0.125
Portugal,PRT,2002,0.19000001
Portugal,PRT,2003,0.268
Portugal,PRT,2004,0.55300003
Portugal,PRT,2005,1.064
Portugal,PRT,2006,1.6810001
Portugal,PRT,2007,2.2010002
Portugal,PRT,2008,2.857
Portugal,PRT,2009,3.3260002
Portugal,PRT,2010,3.7960002
Portugal,PRT,2011,4.256215
Portugal,PRT,2012,4.411552
Portugal,PRT,2013,4.6099496
Portugal,PRT,2014,4.8565564
Portugal,PRT,2015,4.936838
Portugal,PRT,2016,5.124103
Portugal,PRT,2017,5.1241055
Portugal,PRT,2018,5.172359
Portugal,PRT,2019,5.2227454
Portugal,PRT,2020,5.122259
Portugal,PRT,2021,5.427326
Portugal,PRT,2022,5.4553266
Puerto Rico,PRI,2010,0
Puerto Rico,PRI,2011,0.0000050000003
Puerto Rico,PRI,2012,0.099805005
Puerto Rico,PRI,2013,0.09980201
Puerto Rico,PRI,2014,0.09902201
Puerto Rico,PRI,2015,0.100422
Puerto Rico,PRI,2016,0.09902201
Puerto Rico,PRI,2017,0.09902201
Puerto Rico,PRI,2018,0.099042006
Puerto Rico,PRI,2019,0.099042006
Puerto Rico,PRI,2020,0.099044
Puerto Rico,PRI,2021,0.099044
Puerto Rico,PRI,2022,0.099044
Reunion,REU,2004,0.0066000004
Reunion,REU,2005,0.01045
Reunion,REU,2006,0.013475001
Reunion,REU,2007,0.014830001
Reunion,REU,2008,0.014830001
Reunion,REU,2009,0.014830001
Reunion,REU,2010,0.014830001
Reunion,REU,2011,0.014830001
Reunion,REU,2012,0.014830001
Reunion,REU,2013,0.014830001
Reunion,REU,2014,0.014830001
Reunion,REU,2015,0.014830001
Reunion,REU,2016,0.0165
Reunion,REU,2017,0.0165
Reunion,REU,2018,0.0165
Reunion,REU,2019,0.0165
Reunion,REU,2020,0.0165
Reunion,REU,2021,0.0165
Reunion,REU,2022,0.0165
Romania,ROU,2005,0.001
Romania,ROU,2006,0.001
Romania,ROU,2007,0.003
Romania,ROU,2008,0.0050000004
Romania,ROU,2009,0.015000001
Romania,ROU,2010,0.38900003
Romania,ROU,2011,0.98800004
Romania,ROU,2012,1.8220001
Romania,ROU,2013,2.7730002
Romania,ROU,2014,3.2440002
Romania,ROU,2015,3.13
Romania,ROU,2016,3.025
Romania,ROU,2017,3.0297983
Romania,ROU,2018,3.0322583
Romania,ROU,2019,3.037515
Romania,ROU,2020,3.0125272
Romania,ROU,2021,3.0149581
Romania,ROU,2022,3.0149581
Russia,RUS,2000,0.003
Russia,RUS,2001,0.003
Russia,RUS,2002,0.007
Russia,RUS,2003,0.009000001
Russia,RUS,2004,0.009000001
Russia,RUS,2005,0.010000001
Russia,RUS,2006,0.010000001
Russia,RUS,2007,0.010000001
Russia,RUS,2008,0.010000001
Russia,RUS,2009,0.010000001
Russia,RUS,2010,0.010000001
Russia,RUS,2011,0.010000001
Russia,RUS,2012,0.010000001
Russia,RUS,2013,0.010000001
Russia,RUS,2014,0.010000001
Russia,RUS,2015,0.0109
Russia,RUS,2016,0.0109
Russia,RUS,2017,0.0109
Russia,RUS,2018,0.051900003
Russia,RUS,2019,0.101900004
Russia,RUS,2020,0.94530004
Russia,RUS,2021,1.955
Russia,RUS,2022,2.2180002
Saint Kitts and Nevis,KNA,2010,0.0022000002
Saint Kitts and Nevis,KNA,2011,0.0022000002
Saint Kitts and Nevis,KNA,2012,0.0022000002
Saint Kitts and Nevis,KNA,2013,0.0022000002
Saint Kitts and Nevis,KNA,2014,0.0022000002
Saint Kitts and Nevis,KNA,2015,0.0022000002
Saint Kitts and Nevis,KNA,2016,0.0022000002
Saint Kitts and Nevis,KNA,2017,0.0022000002
Saint Kitts and Nevis,KNA,2018,0.0022000002
Saint Kitts and Nevis,KNA,2019,0.0022000002
Saint Kitts and Nevis,KNA,2020,0.0022000002
Saint Kitts and Nevis,KNA,2021,0.0022000002
Saint Kitts and Nevis,KNA,2022,0.0022000002
Saint Pierre and Miquelon,SPM,2008,0.0006
Saint Pierre and Miquelon,SPM,2009,0.0006
Saint Pierre and Miquelon,SPM,2010,0.0006
Saint Pierre and Miquelon,SPM,2011,0.0006
Saint Pierre and Miquelon,SPM,2012,0.0006
Saint Pierre and Miquelon,SPM,2013,0.0006
Samoa,WSM,2014,0.00055000006
Samoa,WSM,2015,0.00055000006
Samoa,WSM,2016,0.00055000006
Samoa,WSM,2017,0.00055000006
Samoa,WSM,2018,0.00055000006
Samoa,WSM,2019,0.00055000006
Samoa,WSM,2020,0.00055000006
Samoa,WSM,2021,0.00055000006
Samoa,WSM,2022,0.00055000006
Saudi Arabia,SAU,2017,0.0027500002
Saudi Arabia,SAU,2018,0.0027500002
Saudi Arabia,SAU,2019,0.00325
Saudi Arabia,SAU,2020,0.00325
Saudi Arabia,SAU,2021,0.00325
Senegal,SEN,2019,0.055200003
Senegal,SEN,2020,0.1587
Senegal,SEN,2021,0.1587
Senegal,SEN,2022,0.1587
Serbia,SRB,2012,0.0005
Serbia,SRB,2013,0.0005
Serbia,SRB,2014,0.0005
Serbia,SRB,2015,0.0104
Serbia,SRB,2016,0.017
Serbia,SRB,2017,0.025
Serbia,SRB,2018,0.22700001
Serbia,SRB,2019,0.39800003
Serbia,SRB,2020,0.39800003
Serbia,SRB,2021,0.39800003
Serbia,SRB,2022,0.39800003
Seychelles,SYC,2013,0.006
Seychelles,SYC,2014,0.006
Seychelles,SYC,2015,0.006
Seychelles,SYC,2016,0.006
Seychelles,SYC,2017,0.006
Seychelles,SYC,2018,0.006
Seychelles,SYC,2019,0.006
Seychelles,SYC,2020,0.006
Seychelles,SYC,2021,0.006
Seychelles,SYC,2022,0.006
Singapore,SGP,2017,0.000100000005
Singapore,SGP,2018,0.000100000005
Singapore,SGP,2019,0.000100000005
Singapore,SGP,2020,0.000100000005
Singapore,SGP,2021,0.000100000005
Singapore,SGP,2022,0.000100000005
Slovakia,SVK,2003,0.003
Slovakia,SVK,2004,0.003
Slovakia,SVK,2005,0.0050000004
Slovakia,SVK,2006,0.0050000004
Slovakia,SVK,2007,0.0050000004
Slovakia,SVK,2008,0.0050000004
Slovakia,SVK,2009,0.003
Slovakia,SVK,2010,0.003
Slovakia,SVK,2011,0.003
Slovakia,SVK,2012,0.003
Slovakia,SVK,2013,0.0050000004
Slovakia,SVK,2014,0.003
Slovakia,SVK,2015,0.003
Slovakia,SVK,2016,0.003
Slovakia,SVK,2017,0.004
Slovakia,SVK,2018,0.003
Slovakia,SVK,2019,0.004
Slovakia,SVK,2020,0.004
Slovakia,SVK,2021,0.004
Slovakia,SVK,2022,0.004
Slovenia,SVN,2012,0.002
Slovenia,SVN,2013,0.002
Slovenia,SVN,2014,0.003
Slovenia,SVN,2015,0.003
Slovenia,SVN,2016,0.003
Slovenia,SVN,2017,0.0033000002
Slovenia,SVN,2018,0.0033000002
Slovenia,SVN,2019,0.0033000002
Slovenia,SVN,2020,0.0033000002
Slovenia,SVN,2021,0.0033280002
Slovenia,SVN,2022,0.0033280002
Somalia,SOM,2012,0.0022000002
Somalia,SOM,2013,0.0022000002
Somalia,SOM,2014,0.0022000002
Somalia,SOM,2015,0.0028000001
Somalia,SOM,2016,0.0028000001
Somalia,SOM,2017,0.00355
Somalia,SOM,2018,0.00355
Somalia,SOM,2019,0.00355
Somalia,SOM,2020,0.00355
Somalia,SOM,2021,0.00355
Somalia,SOM,2022,0.00355
South Africa,ZAF,2002,0.0031600003
South Africa,ZAF,2003,0.0031600003
South Africa,ZAF,2004,0.0031600003
South Africa,ZAF,2005,0.0031600003
South Africa,ZAF,2006,0.0031600003
South Africa,ZAF,2007,0.0031600003
South Africa,ZAF,2008,0.00836
South Africa,ZAF,2009,0.00836
South Africa,ZAF,2010,0.01016
South Africa,ZAF,2011,0.01016
South Africa,ZAF,2012,0.01016
South Africa,ZAF,2013,0.257
South Africa,ZAF,2014,0.569
South Africa,ZAF,2015,1.079
South Africa,ZAF,2016,1.473
South Africa,ZAF,2017,2.094
South Africa,ZAF,2018,2.094
South Africa,ZAF,2019,2.094
South Africa,ZAF,2020,2.516
South Africa,ZAF,2021,2.9555001
South Africa,ZAF,2022,3.1025002
South America,,2000,0.037238
South America,,2001,0.051955003
South America,,2002,0.050924003
South America,,2003,0.052855004
South America,,2004,0.07495501
South America,,2005,0.069955006
South America,,2006,0.28637502
South America,,2007,0.317765
South America,,2008,0.48329502
South America,,2009,0.846295
South America,,2010,1.181395
South America,,2011,1.73615
South America,,2012,2.33855
South America,,2013,2.8631833
South America,,2014,6.5785947
South America,,2015,9.942202
South America,,2016,12.94627
South America,,2017,15.725899
South America,,2018,19.13962
South America,,2019,20.695297
South America,,2020,24.03545
South America,,2021,29.755424
South America,,2022,33.47075
South America (IRENA),,2000,0.037238
South America (IRENA),,2001,0.051955003
South America (IRENA),,2002,0.050924003
South America (IRENA),,2003,0.052855004
South America (IRENA),,2004,0.07495501
South America (IRENA),,2005,0.069955006
South America (IRENA),,2006,0.28637502
South America (IRENA),,2007,0.31776503
South America (IRENA),,2008,0.48329502
South America (IRENA),,2009,0.846295
South America (IRENA),,2010,1.181395
South America (IRENA),,2011,1.7361501
South America (IRENA),,2012,2.33855
South America (IRENA),,2013,2.8631833
South America (IRENA),,2014,6.5785947
South America (IRENA),,2015,9.942202
South America (IRENA),,2016,12.946269
South America (IRENA),,2017,15.725899
South America (IRENA),,2018,19.13962
South America (IRENA),,2019,20.695297
South America (IRENA),,2020,24.035448
South America (IRENA),,2021,29.755424
South America (IRENA),,2022,33.47075
South Georgia and the South Sandwich Islands,SGS,2000,0.000006
South Georgia and the South Sandwich Islands,SGS,2001,0.000006
South Georgia and the South Sandwich Islands,SGS,2002,0.000006
South Georgia and the South Sandwich Islands,SGS,2003,0.000006
South Georgia and the South Sandwich Islands,SGS,2004,0.000006
South Georgia and the South Sandwich Islands,SGS,2005,0.000006
South Georgia and the South Sandwich Islands,SGS,2006,0.000006
South Georgia and the South Sandwich Islands,SGS,2007,0.000006
South Georgia and the South Sandwich Islands,SGS,2008,0.000006
South Georgia and the South Sandwich Islands,SGS,2009,0.000006
South Georgia and the South Sandwich Islands,SGS,2010,0.000006
South Georgia and the South Sandwich Islands,SGS,2011,0.000006
South Georgia and the South Sandwich Islands,SGS,2012,0.000006
South Georgia and the South Sandwich Islands,SGS,2013,0.000006
South Georgia and the South Sandwich Islands,SGS,2014,0.000006
South Georgia and the South Sandwich Islands,SGS,2015,0.000006
South Georgia and the South Sandwich Islands,SGS,2016,0.000006
South Georgia and the South Sandwich Islands,SGS,2017,0.000006
South Georgia and the South Sandwich Islands,SGS,2018,0.000006
South Georgia and the South Sandwich Islands,SGS,2019,0.000006
South Georgia and the South Sandwich Islands,SGS,2020,0.000006
South Georgia and the South Sandwich Islands,SGS,2021,0.000006
South Georgia and the South Sandwich Islands,SGS,2022,0.000006
South Korea,KOR,2000,0.007
South Korea,KOR,2001,0.011000001
South Korea,KOR,2002,0.013
South Korea,KOR,2003,0.019000001
South Korea,KOR,2004,0.029000001
South Korea,KOR,2005,0.09900001
South Korea,KOR,2006,0.178
South Korea,KOR,2007,0.19600001
South Korea,KOR,2008,0.30400002
South Korea,KOR,2009,0.351
South Korea,KOR,2010,0.38200003
South Korea,KOR,2011,0.425
South Korea,KOR,2012,0.46400002
South Korea,KOR,2013,0.57600003
South Korea,KOR,2014,0.61200005
South Korea,KOR,2015,0.84700006
South Korea,KOR,2016,1.067
South Korea,KOR,2017,1.215
South Korea,KOR,2018,1.4200001
South Korea,KOR,2019,1.4940001
South Korea,KOR,2020,1.635802
South Korea,KOR,2021,1.7080431
South Korea,KOR,2022,1.8925021
Spain,ESP,2000,2.206
Spain,ESP,2001,3.397
Spain,ESP,2002,4.8910003
Spain,ESP,2003,5.945
Spain,ESP,2004,8.317
Spain,ESP,2005,9.918
Spain,ESP,2006,11.722
Spain,ESP,2007,14.820001
Spain,ESP,2008,16.555
Spain,ESP,2009,19.176
Spain,ESP,2010,20.693
Spain,ESP,2011,21.529001
Spain,ESP,2012,22.789001
Spain,ESP,2013,22.958
Spain,ESP,2014,22.925001
Spain,ESP,2015,22.943
Spain,ESP,2016,22.990002
Spain,ESP,2017,23.12448
Spain,ESP,2018,23.405056
Spain,ESP,2019,25.590076
Spain,ESP,2020,26.819191
Spain,ESP,2021,27.907652
Spain,ESP,2022,29.307837
Sri Lanka,LKA,2000,0.003
Sri Lanka,LKA,2001,0.003
Sri Lanka,LKA,2002,0.003
Sri Lanka,LKA,2003,0.003
Sri Lanka,LKA,2004,0.003
Sri Lanka,LKA,2005,0.003
Sri Lanka,LKA,2006,0.003
Sri Lanka,LKA,2007,0.003
Sri Lanka,LKA,2008,0.003
Sri Lanka,LKA,2009,0.003
Sri Lanka,LKA,2010,0.03385
Sri Lanka,LKA,2011,0.04385
Sri Lanka,LKA,2012,0.07665001
Sri Lanka,LKA,2013,0.08145
Sri Lanka,LKA,2014,0.12145
Sri Lanka,LKA,2015,0.13145
Sri Lanka,LKA,2016,0.13145
Sri Lanka,LKA,2017,0.13145
Sri Lanka,LKA,2018,0.12845
Sri Lanka,LKA,2019,0.12845
Sri Lanka,LKA,2020,0.179
Sri Lanka,LKA,2021,0.252
Sri Lanka,LKA,2022,0.252
Sweden,SWE,2000,0.209
Sweden,SWE,2001,0.29500002
Sweden,SWE,2002,0.35700002
Sweden,SWE,2003,0.41700003
Sweden,SWE,2004,0.47500002
Sweden,SWE,2005,0.522
Sweden,SWE,2006,0.58500004
Sweden,SWE,2007,0.823
Sweden,SWE,2008,1.0890001
Sweden,SWE,2009,1.475
Sweden,SWE,2010,2.0170002
Sweden,SWE,2011,2.7640002
Sweden,SWE,2012,3.6060002
Sweden,SWE,2013,4.1940002
Sweden,SWE,2014,5.0880003
Sweden,SWE,2015,5.8190002
Sweden,SWE,2016,6.4350004
Sweden,SWE,2017,6.6110005
Sweden,SWE,2018,7.3
Sweden,SWE,2019,8.681001
Sweden,SWE,2020,9.976001
Sweden,SWE,2021,12.116
Sweden,SWE,2022,14.557001
Switzerland,CHE,2000,0.003
Switzerland,CHE,2001,0.0050000004
Switzerland,CHE,2002,0.0050000004
Switzerland,CHE,2003,0.0050000004
Switzerland,CHE,2004,0.009000001
Switzerland,CHE,2005,0.012
Switzerland,CHE,2006,0.012
Switzerland,CHE,2007,0.012
Switzerland,CHE,2008,0.014
Switzerland,CHE,2009,0.018000001
Switzerland,CHE,2010,0.042000003
Switzerland,CHE,2011,0.046000004
Switzerland,CHE,2012,0.049000002
Switzerland,CHE,2013,0.060000002
Switzerland,CHE,2014,0.060000002
Switzerland,CHE,2015,0.060000002
Switzerland,CHE,2016,0.075
Switzerland,CHE,2017,0.075
Switzerland,CHE,2018,0.075
Switzerland,CHE,2019,0.075
Switzerland,CHE,2020,0.087120004
Switzerland,CHE,2021,0.087120004
Switzerland,CHE,2022,0.087120004
Syria,SYR,2004,0.0006
Syria,SYR,2005,0.0006
Syria,SYR,2006,0.0006
Syria,SYR,2007,0.0006
Syria,SYR,2008,0.0006
Syria,SYR,2009,0.0006
Syria,SYR,2010,0.0006
Syria,SYR,2011,0.0006
Syria,SYR,2012,0.0006
Syria,SYR,2013,0.0006
Syria,SYR,2014,0.0006
Syria,SYR,2015,0.0006
Syria,SYR,2016,0.0006
Syria,SYR,2017,0.0006
Syria,SYR,2018,0.0006
Syria,SYR,2019,0.0006
Syria,SYR,2020,0.0006
Syria,SYR,2021,0.0006
Syria,SYR,2022,0.0006
Taiwan,TWN,2000,0.0026
Taiwan,TWN,2001,0.0050000004
Taiwan,TWN,2002,0.008540001
Taiwan,TWN,2003,0.008540001
Taiwan,TWN,2004,0.008540001
Taiwan,TWN,2005,0.023940003
Taiwan,TWN,2006,0.10199
Taiwan,TWN,2007,0.18599002
Taiwan,TWN,2008,0.25039002
Taiwan,TWN,2009,0.37429002
Taiwan,TWN,2010,0.47589004
Taiwan,TWN,2011,0.52269
Taiwan,TWN,2012,0.57099
Taiwan,TWN,2013,0.61419004
Taiwan,TWN,2014,0.63719004
Taiwan,TWN,2015,0.64669
Taiwan,TWN,2016,0.68209004
Taiwan,TWN,2017,0.69239
Taiwan,TWN,2018,0.71315104
Taiwan,TWN,2019,0.84515905
Taiwan,TWN,2020,0.937115
Taiwan,TWN,2021,1.0333681
Taiwan,TWN,2022,1.5810552
Tanzania,TZA,2020,0.0024
Tanzania,TZA,2021,0.0024
Tanzania,TZA,2022,0.0024
Thailand,THA,2006,0.00034000003
Thailand,THA,2007,0.00094000006
Thailand,THA,2008,0.0010800001
Thailand,THA,2009,0.0051
Thailand,THA,2010,0.0056000003
Thailand,THA,2011,0.0073000006
Thailand,THA,2012,0.111700006
Thailand,THA,2013,0.22270001
Thailand,THA,2014,0.22450002
Thailand,THA,2015,0.23390001
Thailand,THA,2016,0.50704
Thailand,THA,2017,0.62782
Thailand,THA,2018,1.10282
Thailand,THA,2019,1.50682
Thailand,THA,2020,1.50682
Thailand,THA,2021,1.5453001
Thailand,THA,2022,1.5453001
Tokelau,TKL,2019,0.0000150000005
Tokelau,TKL,2020,0.0000150000005
Tokelau,TKL,2021,0.0000150000005
Tokelau,TKL,2022,0.0000150000005
Tonga,TON,2013,0.000011
Tonga,TON,2014,0.000011
Tonga,TON,2015,0.000022
Tonga,TON,2016,0.000022
Tonga,TON,2017,0.000022
Tonga,TON,2018,0.000022
Tonga,TON,2019,0.001322
Tonga,TON,2020,0.001322
Tonga,TON,2021,0.001322
Tonga,TON,2022,0.001322
Trinidad and Tobago,TTO,2015,0.000010000001
Trinidad and Tobago,TTO,2016,0.000010000001
Trinidad and Tobago,TTO,2017,0.000010000001
Trinidad and Tobago,TTO,2018,0.000010000001
Trinidad and Tobago,TTO,2019,0.000010000001
Trinidad and Tobago,TTO,2020,0.000010000001
Trinidad and Tobago,TTO,2021,0.000010000001
Trinidad and Tobago,TTO,2022,0.000010000001
Tunisia,TUN,2000,0.010650001
Tunisia,TUN,2001,0.010650001
Tunisia,TUN,2002,0.010650001
Tunisia,TUN,2003,0.019370003
Tunisia,TUN,2004,0.019370003
Tunisia,TUN,2005,0.019370003
Tunisia,TUN,2006,0.019370003
Tunisia,TUN,2007,0.019370003
Tunisia,TUN,2008,0.019370003
Tunisia,TUN,2009,0.05369
Tunisia,TUN,2010,0.05369
Tunisia,TUN,2011,0.05369
Tunisia,TUN,2012,0.17300001
Tunisia,TUN,2013,0.2
Tunisia,TUN,2014,0.23300001
Tunisia,TUN,2015,0.24000001
Tunisia,TUN,2016,0.24000001
Tunisia,TUN,2017,0.24000001
Tunisia,TUN,2018,0.245
Tunisia,TUN,2019,0.245
Tunisia,TUN,2020,0.245
Tunisia,TUN,2021,0.245
Tunisia,TUN,2022,0.245
Turkey,TUR,2000,0.019000001
Turkey,TUR,2001,0.019000001
Turkey,TUR,2002,0.019000001
Turkey,TUR,2003,0.019000001
Turkey,TUR,2004,0.019000001
Turkey,TUR,2005,0.021000002
Turkey,TUR,2006,0.059000004
Turkey,TUR,2007,0.14600001
Turkey,TUR,2008,0.36400002
Turkey,TUR,2009,0.79200006
Turkey,TUR,2010,1.32
Turkey,TUR,2011,1.7290001
Turkey,TUR,2012,2.2610002
Turkey,TUR,2013,2.7600002
Turkey,TUR,2014,3.63
Turkey,TUR,2015,4.5030003
Turkey,TUR,2016,5.7510004
Turkey,TUR,2017,6.51615
Turkey,TUR,2018,7.0053864
Turkey,TUR,2019,7.591156
Turkey,TUR,2020,8.832395
Turkey,TUR,2021,10.606996
Turkey,TUR,2022,11.396195
Ukraine,UKR,2000,0.0050000004
Ukraine,UKR,2001,0.03623
Ukraine,UKR,2002,0.046230003
Ukraine,UKR,2003,0.054400004
Ukraine,UKR,2004,0.0714
Ukraine,UKR,2005,0.0766
Ukraine,UKR,2006,0.0766
Ukraine,UKR,2007,0.082
Ukraine,UKR,2008,0.083000004
Ukraine,UKR,2009,0.086
Ukraine,UKR,2010,0.08800001
Ukraine,UKR,2011,0.14600001
Ukraine,UKR,2012,0.24800001
Ukraine,UKR,2013,0.36200002
Ukraine,UKR,2014,0.51390004
Ukraine,UKR,2015,0.51390004
Ukraine,UKR,2016,0.526
Ukraine,UKR,2017,0.55300003
Ukraine,UKR,2018,0.62077004
Ukraine,UKR,2019,1.2577701
Ukraine,UKR,2020,1.4020001
Ukraine,UKR,2021,1.761
Ukraine,UKR,2022,1.761
United Arab Emirates,ARE,2013,0.00085000007
United Arab Emirates,ARE,2014,0.0017000001
United Arab Emirates,ARE,2015,0.0017000001
United Arab Emirates,ARE,2016,0
United Arab Emirates,ARE,2017,0
United Arab Emirates,ARE,2018,0
United Arab Emirates,ARE,2019,0
United Kingdom,GBR,2000,0.41200003
United Kingdom,GBR,2001,0.49300003
United Kingdom,GBR,2002,0.53400004
United Kingdom,GBR,2003,0.74200004
United Kingdom,GBR,2004,0.933
United Kingdom,GBR,2005,1.565
United Kingdom,GBR,2006,1.955
United Kingdom,GBR,2007,2.4770002
United Kingdom,GBR,2008,3.446
United Kingdom,GBR,2009,4.4220004
United Kingdom,GBR,2010,5.4210005
United Kingdom,GBR,2011,6.596
United Kingdom,GBR,2012,9.030001
United Kingdom,GBR,2013,11.282001
United Kingdom,GBR,2014,13.074
United Kingdom,GBR,2015,14.305741
United Kingdom,GBR,2016,16.12593
United Kingdom,GBR,2017,19.585001
United Kingdom,GBR,2018,21.60535
United Kingdom,GBR,2019,23.881962
United Kingdom,GBR,2020,24.48479
United Kingdom,GBR,2021,25.730143
United Kingdom,GBR,2022,28.537342
United States,USA,2000,2.377
United States,USA,2001,3.86364
United States,USA,2002,4.4166403
United States,USA,2003,5.99519
United States,USA,2004,6.4558
United States,USA,2005,8.70641
United States,USA,2006,11.328791
United States,USA,2007,16.5151
United States,USA,2008,24.651302
United States,USA,2009,34.295803
United States,USA,2010,39.349697
United States,USA,2011,45.79497
United States,USA,2012,59.453304
United States,USA,2013,60.198166
United States,USA,2014,64.43019
United States,USA,2015,72.767235
United States,USA,2016,81.502365
United States,USA,2017,87.83079
United States,USA,2018,94.66619
United States,USA,2019,103.835556
United States,USA,2020,118.66354
United States,USA,2021,133.01929
United States,USA,2022,140.86162
United States Virgin Islands,VIR,2013,0.000100000005
United States Virgin Islands,VIR,2014,0.000100000005
United States Virgin Islands,VIR,2015,0.000100000005
United States Virgin Islands,VIR,2016,0.000100000005
United States Virgin Islands,VIR,2017,0.000100000005
United States Virgin Islands,VIR,2018,0.000100000005
United States Virgin Islands,VIR,2019,0.000100000005
United States Virgin Islands,VIR,2020,0.000100000005
United States Virgin Islands,VIR,2021,0.000100000005
United States Virgin Islands,VIR,2022,0.000100000005
Upper-middle-income countries,,2000,0.46150202
Upper-middle-income countries,,2001,0.536369
Upper-middle-income countries,,2002,0.609998
Upper-middle-income countries,,2003,0.718409
Upper-middle-income countries,,2004,0.97814906
Upper-middle-income countries,,2005,1.2847091
Upper-middle-income countries,,2006,2.651469
Upper-middle-income countries,,2007,4.8928447
Upper-middle-income countries,,2008,9.545508
Upper-middle-income countries,,2009,19.98826
Upper-middle-income countries,,2010,33.14661
Upper-middle-income countries,,2011,50.995335
Upper-middle-income countries,,2012,68.871704
Upper-middle-income countries,,2013,85.600235
Upper-middle-income countries,,2014,110.32845
Upper-middle-income countries,,2015,149.78549
Upper-middle-income countries,,2016,172.84009
Upper-middle-income countries,,2017,192.72153
Upper-middle-income countries,,2018,219.45473
Upper-middle-income countries,,2019,247.77843
Upper-middle-income countries,,2020,326.3942
Upper-middle-income countries,,2021,382.28632
Upper-middle-income countries,,2022,424.14926
Uruguay,URY,2000,0.00015
Uruguay,URY,2001,0.00015
Uruguay,URY,2002,0.00015
Uruguay,URY,2003,0.00015
Uruguay,URY,2004,0.00015
Uruguay,URY,2005,0.00015
Uruguay,URY,2006,0.00015
Uruguay,URY,2007,0.00015
Uruguay,URY,2008,0.014600001
Uruguay,URY,2009,0.030600002
Uruguay,URY,2010,0.0406
Uruguay,URY,2011,0.043605
Uruguay,URY,2012,0.052605003
Uruguay,URY,2013,0.059418
Uruguay,URY,2014,0.48126802
Uruguay,URY,2015,0.85675603
Uruguay,URY,2016,1.2114561
Uruguay,URY,2017,1.510668
Uruguay,URY,2018,1.510668
Uruguay,URY,2019,1.5139881
Uruguay,URY,2020,1.5139881
Uruguay,URY,2021,1.5139881
Uruguay,URY,2022,1.5139881
Uzbekistan,UZB,2017,0.00075
Uzbekistan,UZB,2018,0.00075
Uzbekistan,UZB,2019,0.00075
Uzbekistan,UZB,2020,0.00075
Uzbekistan,UZB,2021,0.00075
Uzbekistan,UZB,2022,0.00075
Vanuatu,VUT,2008,0.0030250002
Vanuatu,VUT,2009,0.0030250002
Vanuatu,VUT,2010,0.0030250002
Vanuatu,VUT,2011,0.0030250002
Vanuatu,VUT,2012,0.0030250002
Vanuatu,VUT,2013,0.0030250002
Vanuatu,VUT,2014,0.0035750002
Vanuatu,VUT,2015,0.0035750002
Vanuatu,VUT,2016,0.0035750002
Vanuatu,VUT,2017,0.0033000002
Vanuatu,VUT,2018,0.0034000003
Vanuatu,VUT,2019,0.0034000003
Vanuatu,VUT,2020,0.0034000003
Vanuatu,VUT,2021,0.0034000003
Vanuatu,VUT,2022,0.0034000003
Venezuela,VEN,2012,0.030000001
Venezuela,VEN,2013,0.07128
Venezuela,VEN,2014,0.07128
Venezuela,VEN,2015,0.07128
Venezuela,VEN,2016,0.07128
Venezuela,VEN,2017,0.07128
Venezuela,VEN,2018,0.07128
Venezuela,VEN,2019,0.07128
Venezuela,VEN,2020,0.07128
Venezuela,VEN,2021,0.07128
Venezuela,VEN,2022,0.07128
Vietnam,VNM,2008,0.0013
Vietnam,VNM,2009,0.008800001
Vietnam,VNM,2010,0.031000001
Vietnam,VNM,2011,0.031000001
Vietnam,VNM,2012,0.031000001
Vietnam,VNM,2013,0.053000003
Vietnam,VNM,2014,0.053000003
Vietnam,VNM,2015,0.136
Vietnam,VNM,2016,0.1602
Vietnam,VNM,2017,0.20470001
Vietnam,VNM,2018,0.23670001
Vietnam,VNM,2019,0.37455
Vietnam,VNM,2020,0.518
Vietnam,VNM,2021,4.118
Vietnam,VNM,2022,4.6280003
World,OWID_WRL,2000,16.941525
World,OWID_WRL,2001,23.968645
World,OWID_WRL,2002,30.733093
World,OWID_WRL,2003,38.66996
World,OWID_WRL,2004,47.68421
World,OWID_WRL,2005,58.40756
World,OWID_WRL,2006,73.160484
World,OWID_WRL,2007,91.54141
World,OWID_WRL,2008,115.557846
World,OWID_WRL,2009,150.13959
World,OWID_WRL,2010,181.08267
World,OWID_WRL,2011,220.24127
World,OWID_WRL,2012,267.2888
World,OWID_WRL,2013,300.0268
World,OWID_WRL,2014,349.46622
World,OWID_WRL,2015,416.34714
World,OWID_WRL,2016,467.02853
World,OWID_WRL,2017,514.4229
World,OWID_WRL,2018,564.5129
World,OWID_WRL,2019,620.8414
World,OWID_WRL,2020,731.6555
World,OWID_WRL,2021,824.1709
World,OWID_WRL,2022,898.8243